Kingdom,Phylum,Class,Order,Family,Genus,Species,X
OTU_30,Fungi,Ascomycota,unclassified_Ascomycota,unclassified_Ascomycota,unclassified_Ascomycota,unclassified_Ascomycota,unclassified_Ascomycota
OTU_17,Fungi,Ascomycota,Dothideomycetes,Pleosporales,Pleosporaceae,Epicoccum,Epicoccum_nigrum|SH197545.06FU
OTU_32,Fungi,Ascomycota,Ascomycota_unidentified,Ascomycota_unidentified_1,Ascomycota_unidentified_1,Ascomycota_unidentified_1_1,Ascomycota_sp|SH216151.06FU
OTU_27,Fungi,Ascomycota,Dothideomycetes,Pleosporales,unclassified_Pleosporales,unclassified_Pleosporales,unclassified_Pleosporales
OTU_3,Fungi,Ascomycota,Dothideomycetes,Capnodiales,Davidiellaceae,Davidiella,Davidiella_tassiana|SH196750.06FU
OTU_2,Fungi,Ascomycota,Leotiomycetes,Erysiphales,Erysiphaceae,Erysiphe,Erysiphe_necator|SH226692.06FU
OTU_386,Fungi,Ascomycota,Dothideomycetes,Pleosporales,Pleosporales_unidentified,Pleosporales_unidentified_1,Pleosporales_sp|SH227211.06FU
OTU_8,Fungi,Ascomycota,Dothideomycetes,Capnodiales,Davidiellaceae,Davidiella,Davidiella_tassiana|SH196750.06FU
OTU_14,Fungi,Ascomycota,Dothideomycetes,Pleosporales,Pleosporaceae,Pleospora,Pleospora_herbarum|SH224791.06FU
OTU_62,Fungi,Ascomycota,Dothideomycetes,Pleosporales,Pleosporales_unidentified,Pleosporales_unidentified_1,Pleosporales_sp|SH227806.06FU
OTU_271,Fungi,Ascomycota,Dothideomycetes,Pleosporales,Lophiostomataceae,Lophiostoma,unclassified_Lophiostoma
OTU_55,Fungi,Ascomycota,Dothideomycetes,Capnodiales,Teratosphaeriaceae,Teratosphaeria,Teratosphaeria_capensis|SH222468.06FU
OTU_4,Fungi,Basidiomycota,Tremellomycetes,Filobasidiales,Filobasidiaceae,Cryptococcus,Cryptococcus_chernovii|SH216501.06FU
OTU_7,Fungi,Ascomycota,Dothideomycetes,Pleosporales,Incertae_sedis_13,Phoma,Phoma_brasiliensis|SH202145.06FU
OTU_67,Fungi,Ascomycota,Dothideomycetes,Pleosporales,Lophiostomataceae,Lophiostoma,Lophiostoma_fuckelii|SH237048.06FU
OTU_52,Fungi,Basidiomycota,Agaricomycetes,Agaricales,Agaricaceae,unclassified_Agaricaceae,unclassified_Agaricaceae
OTU_12,Fungi,Ascomycota,Dothideomycetes,Pleosporales,Pleosporaceae,Alternaria,Alternaria_metachromatica|SH224792.06FU
OTU_357,Fungi,Ascomycota,Dothideomycetes,Pleosporales,Phaeosphaeriaceae,unclassified_Phaeosphaeriaceae,unclassified_Phaeosphaeriaceae
OTU_10,Fungi,Ascomycota,Dothideomycetes,Pleosporales,Pleosporaceae,Alternaria,Alternaria_eichhorniae|SH224789.06FU
OTU_56,Fungi,Ascomycota,Ascomycota_unidentified,Ascomycota_unidentified_1,Ascomycota_unidentified_1,Ascomycota_unidentified_1_1,Ascomycota_sp|SH230637.06FU
OTU_268,Fungi,Basidiomycota,Exobasidiomycetes,Exobasidiomycetes_unidentified,Exobasidiomycetes_unidentified_1,Exobasidiomycetes_unidentified_1,Exobasidiomycetes_sp|SH228428.06FU
OTU_100,Fungi,Ascomycota,Dothideomycetes,Pleosporales,Pleosporales_unidentified,Pleosporales_unidentified_1,Pleosporales_sp|SH217121.06FU
OTU_97,Fungi,Ascomycota,Dothideomycetes,Pleosporales,Pleosporales_unidentified,Pleosporales_unidentified_1,Pleosporales_sp|SH217121.06FU
OTU_39,Fungi,Ascomycota,Leotiomycetes,Helotiales,Incertae_sedis_2,Incertae_sedis_2_unidentified,Helotiales_sp|SH234732.06FU
OTU_9,Fungi,Basidiomycota,Basidiomycota_unidentified,Basidiomycota_unidentified_1,Basidiomycota_unidentified_1,Basidiomycota_unidentified_1_1,Basidiomycota_sp|SH196706.06FU
OTU_69,Fungi,Ascomycota,Dothideomycetes,Pleosporales,Phaeosphaeriaceae,Phaeosphaeria,Phaeosphaeria_sp|SH227803.06FU
OTU_44,Fungi,Ascomycota,Dothideomycetes,Capnodiales,Davidiellaceae,Davidiella,Davidiella_tassiana|SH196750.06FU
OTU_432,Fungi,Ascomycota,Leotiomycetes,Helotiales,Hyaloscyphaceae,Lachnum,unclassified_Lachnum
OTU_165,Fungi,Ascomycota,unclassified_Ascomycota,unclassified_Ascomycota,unclassified_Ascomycota,unclassified_Ascomycota,unclassified_Ascomycota
OTU_116,Fungi,Ascomycota,Eurotiomycetes,Chaetothyriales,Herpotrichiellaceae,unclassified_Herpotrichiellaceae,unclassified_Herpotrichiellaceae
OTU_98,Fungi,Ascomycota,Dothideomycetes,Pleosporales,Pleosporales_unidentified,Pleosporales_unidentified_1,Pleosporales_sp|SH230642.06FU
OTU_212,Fungi,Ascomycota,Leotiomycetes,Helotiales,unclassified_Helotiales,unclassified_Helotiales,unclassified_Helotiales
OTU_418,Fungi,Basidiomycota,Agaricomycetes,Hymenochaetales,Hymenochaetaceae,Phellinus,Phellinus_sp|SH222026.06FU
OTU_484,Fungi,Basidiomycota,Incertae_sedis_4,Malasseziales,Incertae_sedis_5,Malassezia,Malassezia_globosa|SH190404.06FU
OTU_11,Fungi,Basidiomycota,Tremellomycetes,Cystofilobasidiales,Cystofilobasidiaceae,Udeniomyces,Udeniomyces_pseudopyricola|SH207894.06FU
OTU_78,Fungi,Ascomycota,Dothideomycetes,Pleosporales,Pleosporaceae,Pleosporaceae_unidentified,Pleosporaceae_sp|SH212467.06FU
OTU_121,Fungi,Basidiomycota,Agaricomycetes,Corticiales,Corticiaceae,Vuilleminia,Vuilleminia_sp|SH212911.06FU
OTU_485,Fungi,Basidiomycota,Agaricomycetes,Russulales,Peniophoraceae,Gloiothele,Gloiothele_citrina|SH229670.06FU
OTU_291,Fungi,Basidiomycota,Agaricomycetes,Agaricales,Agaricales_unidentified,Agaricales_unidentified_1,Agaricales_sp|SH239396.06FU
OTU_15,Fungi,Ascomycota,Leotiomycetes,Helotiales,Sclerotiniaceae,unclassified_Sclerotiniaceae,unclassified_Sclerotiniaceae
OTU_6,Fungi,Ascomycota,Dothideomycetes,Dothideales,Dothioraceae,Aureobasidium,Aureobasidium_pullulans|SH206629.06FU
OTU_45,Fungi,Ascomycota,Dothideomycetes,Pleosporales,Pleosporaceae,Pleospora,Pleospora_herbarum|SH224791.06FU
OTU_123,Fungi,Ascomycota,Ascomycota_unidentified,Ascomycota_unidentified_1,Ascomycota_unidentified_1,Ascomycota_unidentified_1_1,Ascomycota_sp|SH227804.06FU
OTU_41,Fungi,Ascomycota,Dothideomycetes,Pleosporales,unclassified_Pleosporales,unclassified_Pleosporales,unclassified_Pleosporales
OTU_253,Fungi,Basidiomycota,unclassified_Basidiomycota,unclassified_Basidiomycota,unclassified_Basidiomycota,unclassified_Basidiomycota,unclassified_Basidiomycota
OTU_40,Fungi,Ascomycota,Ascomycota_unidentified,Ascomycota_unidentified_1,Ascomycota_unidentified_1,Ascomycota_unidentified_1_1,Ascomycota_sp|SH224125.06FU
OTU_104,Fungi,Ascomycota,Leotiomycetes,Helotiales,unclassified_Helotiales,unclassified_Helotiales,unclassified_Helotiales
OTU_397,Fungi,Ascomycota,unclassified_Ascomycota,unclassified_Ascomycota,unclassified_Ascomycota,unclassified_Ascomycota,unclassified_Ascomycota
OTU_87,Fungi,Ascomycota,Dothideomycetes,Capnodiales,Capnodiales_unidentified,Capnodiales_unidentified_1,Capnodiales_sp|SH238952.06FU
OTU_176,Fungi,Ascomycota,Dothideomycetes,unclassified_Dothideomycetes,unclassified_Dothideomycetes,unclassified_Dothideomycetes,Dothideomycetes_sp
OTU_1,Chromista,Stramenopiles,Oomycetes,Peronosporales,Peronosporaceae,Plasmopara,Plasmopara_viticola
OTU_130,Fungi,Ascomycota,Leotiomycetes,unclassified_Leotiomycetes,unclassified_Leotiomycetes,unclassified_Leotiomycetes,unclassified_Leotiomycetes
OTU_486,Fungi,Ascomycota,Dothideomycetes,Pleosporales,Phaeosphaeriaceae,Neostagonospora,Neostagonospora_elegiae|SH206982.06FU
OTU_110,Fungi,Ascomycota,Dothideomycetes,Pleosporales,Incertae_sedis_13,Ascochyta,unclassified_Ascochyta
OTU_450,Fungi,Basidiomycota,Agaricomycetes,Polyporales,Phanerochaetaceae,Phlebiopsis,Phlebiopsis_gigantea|SH235580.06FU
OTU_46,Fungi,Basidiomycota,Tremellomycetes,Tremellales,Incertae_sedis_12,Cryptococcus_1,Cryptococcus_victoriae|SH198055.06FU
OTU_387,Chromista,Stramenopiles,Oomycetes,Peronosporales,Peronosporaceae,Hyaloperonospora,Hyaloperonospora_sp
OTU_164,Fungi,Ascomycota,Dothideomycetes,Pleosporales,Lophiostomataceae,Lophiostoma,Lophiostoma_fuckelii|SH237048.06FU
OTU_5,Fungi,Basidiomycota,Tremellomycetes,Filobasidiales,Filobasidiaceae,Cryptococcus,Cryptococcus_wieringae|SH216503.06FU
OTU_19,Fungi,Ascomycota,Dothideomycetes,Dothideales,Dothioraceae,Aureobasidium,unclassified_Aureobasidium
OTU_390,Fungi,Ascomycota,Sordariomycetes,Xylariales,Amphisphaeriaceae,Monochaetia,Monochaetia_monochaeta|SH203270.06FU
OTU_117,Fungi,Ascomycota,Ascomycota_unidentified,Ascomycota_unidentified_1,Ascomycota_unidentified_1,Ascomycota_unidentified_1_1,Ascomycota_sp|SH227804.06FU
OTU_18,Fungi,Ascomycota,Ascomycota_unidentified,Ascomycota_unidentified_1,Ascomycota_unidentified_1,Ascomycota_unidentified_1_1,Ascomycota_sp|SH241083.06FU
OTU_92,Fungi,Ascomycota,Taphrinomycetes,Taphrinales,Taphrinaceae,Taphrina,Taphrina_confusa|SH211014.06FU
OTU_38,Fungi,Ascomycota,Leotiomycetes,Erysiphales,Erysiphaceae,Erysiphe,Erysiphe_syringae|SH204908.06FU
OTU_111,Fungi,Basidiomycota,Agaricomycetes,Russulales,Peniophoraceae,Peniophora,Peniophora_sp|SH234598.06FU
OTU_703,Fungi,Ascomycota,Dothideomycetes,Capnodiales,Capnodiales_unidentified,Capnodiales_unidentified_1,Capnodiales_sp|SH238952.06FU
OTU_93,Fungi,Ascomycota,Dothideomycetes,unclassified_Dothideomycetes,unclassified_Dothideomycetes,unclassified_Dothideomycetes,unclassified_Dothideomycetes
OTU_124,Fungi,Ascomycota,Sordariomycetes,Xylariales,Amphisphaeriaceae,Pestalotiopsis,unclassified_Pestalotiopsis
OTU_61,Fungi,Ascomycota,Dothideomycetes,Pleosporales,Phaeosphaeriaceae,Stagonospora,Stagonospora_pseudovitensis|SH199974.06FU
OTU_102,Fungi,Ascomycota,Taphrinomycetes,Taphrinales,Taphrinaceae,Lalaria,Lalaria_inositophila|SH219275.06FU
OTU_13,Fungi,Basidiomycota,Tremellomycetes,Filobasidiales,Filobasidiaceae,Cryptococcus,Cryptococcus_oeirensis|SH216504.06FU
OTU_441,Fungi,Ascomycota,Dothideomycetes,Pleosporales,Pleosporaceae,Pleosporaceae_unidentified,Pleosporaceae_sp|SH224807.06FU
OTU_118,Fungi,Basidiomycota,Exobasidiomycetes,Exobasidiomycetes_unidentified,Exobasidiomycetes_unidentified_1,Exobasidiomycetes_unidentified_1,Exobasidiomycetes_sp|SH230059.06FU
OTU_31,Fungi,Basidiomycota,Microbotryomycetes,Sporidiobolales,Incertae_sedis_25,Sporobolomyces,Sporobolomyces_oryzicola|SH215231.06FU
OTU_20,Fungi,Ascomycota,Dothideomycetes,Pleosporales,Pleosporales_unidentified,Pleosporales_unidentified_1,Pleosporales_sp|SH227424.06FU
OTU_58,Fungi,Basidiomycota,Microbotryomycetes,Sporidiobolales,Incertae_sedis_25,Rhodotorula,Rhodotorula_sp|SH227547.06FU
OTU_208,Fungi,Basidiomycota,Agaricomycetes,Russulales,Peniophoraceae,Peniophoraceae_unidentified,Peniophoraceae_sp|SH234600.06FU
OTU_147,Fungi,Basidiomycota,Agaricomycetes,Polyporales,Polyporaceae,Fomes,Fomes_sp|SH214997.06FU
OTU_34,Fungi,Ascomycota,Taphrinomycetes,Taphrinales,Taphrinaceae,Lalaria,Lalaria_carpini|SH219277.06FU
OTU_613,Fungi,Basidiomycota,Agaricomycetes,Agaricales,Marasmiaceae,Gymnopus,Gymnopus_androsaceus|SH238288.06FU
OTU_511,Fungi,Basidiomycota,unclassified_Basidiomycota,unclassified_Basidiomycota,unclassified_Basidiomycota,unclassified_Basidiomycota,unclassified_Basidiomycota
OTU_337,Fungi,Basidiomycota,Agaricomycetes,Agaricales,Mycenaceae,Mycena,Mycena_cf_epipterygia_UBC_F15203|SH237366.06FU
OTU_29,Fungi,Basidiomycota,Tremellomycetes,Cystofilobasidiales,Cystofilobasidiaceae,Udeniomyces,Udeniomyces_pannonicus|SH217650.06FU
OTU_540,Fungi,Ascomycota,Eurotiomycetes,Mycocaliciales,Mycocaliciaceae,Mycocalicium,Mycocalicium_sp_MA_4790|SH238950.06FU
OTU_25,Fungi,Basidiomycota,Tremellomycetes,Tremellales,Incertae_sedis_12,Cryptococcus_1,Cryptococcus_victoriae|SH198055.06FU
OTU_128,Fungi,Ascomycota,Dothideomycetes,Dothideomycetes_unidentified,Dothideomycetes_unidentified_1,Dothideomycetes_unidentified_1,Dothideomycetes_sp|SH196053.06FU
OTU_305,Fungi,Ascomycota,Dothideomycetes,Pleosporales,Pleosporaceae,Pyrenophora,Pyrenophora_chaetomioides|SH227033.06FU
OTU_140,Fungi,Ascomycota,Dothideomycetes,Dothideales,Dothideaceae,Endoconidioma,Endoconidioma_populi|SH231447.06FU
OTU_125,Fungi,Ascomycota,unclassified_Ascomycota,unclassified_Ascomycota,unclassified_Ascomycota,unclassified_Ascomycota,unclassified_Ascomycota
OTU_166,Fungi,Ascomycota,Dothideomycetes,Pleosporales,Incertae_sedis_13,unclassified_Incertae_sedis_13,unclassified_Incertae_sedis_13
OTU_42,Fungi,Ascomycota,Leotiomycetes,Helotiales,Helotiales_unidentified,Helotiales_unidentified_1,Helotiales_sp|SH191096.06FU
OTU_186,Fungi,Ascomycota,Taphrinomycetes,Taphrinales,Taphrinaceae,Lalaria,unclassified_Lalaria
OTU_21,Fungi,Ascomycota,Dothideomycetes,Pleosporales,Pleosporaceae,unclassified_Pleosporaceae,unclassified_Pleosporaceae
OTU_187,Fungi,Basidiomycota,Agaricomycetes,Cantharellales,Ceratobasidiaceae,unclassified_Ceratobasidiaceae,unclassified_Ceratobasidiaceae
OTU_451,Fungi,Ascomycota,Dothideomycetes,Pleosporales,Lophiostomataceae,Lophiostoma,Lophiostoma_fuckelii|SH237048.06FU
OTU_300,Fungi,Ascomycota,Ascomycota_unidentified,Ascomycota_unidentified_1,Ascomycota_unidentified_1,Ascomycota_unidentified_1_1,Ascomycota_sp|SH196231.06FU
OTU_49,Fungi,Basidiomycota,Basidiomycota_unidentified,Basidiomycota_unidentified_1,Basidiomycota_unidentified_1,Basidiomycota_unidentified_1_1,Basidiomycota_sp|SH196706.06FU
OTU_107,Fungi,Basidiomycota,Microbotryomycetes,Sporidiobolales,Incertae_sedis_25,Incertae_sedis_25_unidentified,Sporidiobolales_sp|SH212601.06FU
OTU_22,Fungi,Ascomycota,Dothideomycetes,Dothideomycetes_unidentified,Dothideomycetes_unidentified_1,Dothideomycetes_unidentified_1,Dothideomycetes_sp|SH206999.06FU
OTU_64,Fungi,Ascomycota,Dothideomycetes,Pleosporales,Incertae_sedis_13,Phoma,Phoma_microchlamydospora|SH197540.06FU
OTU_137,Fungi,Ascomycota,Dothideomycetes,Incertae_sedis_8,Pseudeurotiaceae,Pseudeurotiaceae_unidentified,Pseudeurotiaceae_sp|SH222309.06FU
OTU_704,Fungi,Basidiomycota,Agaricomycetes,Agaricales,Strophariaceae,Gymnopilus,Gymnopilus_sp_1_RB_2011|SH208212.06FU
OTU_77,Fungi,Basidiomycota,Agaricostilbomycetes,Agaricostilbales,Agaricostilbaceae,Bensingtonia,unclassified_Bensingtonia
OTU_578,Fungi,Ascomycota,Dothideomycetes,Capnodiales,Mycosphaerellaceae,Uwebraunia,Uwebraunia_musae|SH197937.06FU
OTU_196,Fungi,Ascomycota,Leotiomycetes,Helotiales,Rutstroemiaceae,Scleromitrula,Scleromitrula_candolleana|SH209271.06FU
OTU_148,Fungi,Ascomycota,Leotiomycetes,Erysiphales,Erysiphaceae,Blumeria,Blumeria_graminis|SH195226.06FU
OTU_91,Fungi,Ascomycota,Taphrinomycetes,Taphrinales,Taphrinaceae,unclassified_Taphrinaceae,unclassified_Taphrinaceae
OTU_101,Fungi,Ascomycota,unclassified_Ascomycota,unclassified_Ascomycota,unclassified_Ascomycota,unclassified_Ascomycota,unclassified_Ascomycota
OTU_157,Fungi,Ascomycota,Taphrinomycetes,Taphrinales,Taphrinaceae,Taphrina,Taphrina_pruni|SH211015.06FU
OTU_28,Fungi,Basidiomycota,Microbotryomycetes,Sporidiobolales,Incertae_sedis_25,Rhodotorula,unclassified_Rhodotorula
OTU_82,Fungi,Basidiomycota,Tremellomycetes,Filobasidiales,Filobasidiaceae,Cryptococcus,Cryptococcus_albidus|SH231202.06FU
OTU_85,Fungi,Ascomycota,Leotiomycetes,Helotiales,Incertae_sedis_2,Incertae_sedis_2_unidentified,Helotiales_sp|SH234732.06FU
OTU_462,Fungi,Ascomycota,Taphrinomycetes,Taphrinales,Taphrinaceae,Taphrinaceae_unidentified,Taphrinaceae_sp|SH211012.06FU
OTU_74,Fungi,Basidiomycota,Ustilaginomycetes,Ustilaginales,Ustilaginaceae,Ustilago,Ustilago_hordei|SH237192.06FU
OTU_419,Fungi,Ascomycota,Dothideomycetes,Capnodiales,unclassified_Capnodiales,unclassified_Capnodiales,unclassified_Capnodiales
OTU_433,Fungi,Basidiomycota,Agaricomycetes,Agaricales,Psathyrellaceae,Psathyrella,Psathyrella_candolleana|SH199666.06FU
OTU_66,Fungi,Basidiomycota,Microbotryomycetes,Sporidiobolales,Incertae_sedis_25,Rhodotorula,Rhodotorula_nothofagi|SH223682.06FU
OTU_223,Fungi,Basidiomycota,Basidiomycota_unidentified,Basidiomycota_unidentified_1,Basidiomycota_unidentified_1,Basidiomycota_unidentified_1_1,Basidiomycota_sp|SH209979.06FU
OTU_47,Fungi,Ascomycota,Dothideomycetes,Dothideomycetes_unidentified,Dothideomycetes_unidentified_1,Dothideomycetes_unidentified_1,Dothideomycetes_sp|SH216152.06FU
OTU_365,Fungi,Basidiomycota,Agaricomycetes,unclassified_Agaricomycetes,unclassified_Agaricomycetes,unclassified_Agaricomycetes,unclassified_Agaricomycetes
OTU_200,Fungi,Ascomycota,Dothideomycetes,Pleosporales,Phaeosphaeriaceae,Phaeosphaeria,Phaeosphaeria_sp|SH227803.06FU
OTU_388,Fungi,Ascomycota,Sordariomycetes,Xylariales,Amphisphaeriaceae,Amphisphaeriaceae_unidentified,Amphisphaeriaceae_sp|SH211285.06FU
OTU_70,Fungi,Basidiomycota,Tremellomycetes,Cystofilobasidiales,Cystofilobasidiaceae,Itersonilia,Itersonilia_perplexans|SH217649.06FU
OTU_233,Fungi,Basidiomycota,unclassified_Basidiomycota,unclassified_Basidiomycota,unclassified_Basidiomycota,unclassified_Basidiomycota,unclassified_Basidiomycota
OTU_705,Fungi,Ascomycota,Taphrinomycetes,Taphrinales,Protomycetaceae,Protomyces,Protomyces_inouyei
OTU_50,Fungi,Basidiomycota,Agaricostilbomycetes,Agaricostilbales,unclassified_Agaricostilbales,unclassified_Agaricostilbales,unclassified_Agaricostilbales
OTU_112,Fungi,Ascomycota,unclassified_Ascomycota,unclassified_Ascomycota,unclassified_Ascomycota,unclassified_Ascomycota,unclassified_Ascomycota
OTU_241,Fungi,Ascomycota,Dothideomycetes,Capnodiales,unclassified_Capnodiales,unclassified_Capnodiales,unclassified_Capnodiales
OTU_614,Fungi,Ascomycota,Dothideomycetes,Pleosporales,Pleosporaceae,Pleosporaceae_unidentified,Pleosporaceae_sp|SH224817.06FU
OTU_452,Fungi,Basidiomycota,Agaricomycetes,Incertae_sedis_29,Incertae_sedis_30,Resinicium,Resinicium_bicolor|SH229994.06FU
OTU_23,Fungi,Ascomycota,Dothideomycetes,Pleosporales,Incertae_sedis_13,Phoma,unclassified_Phoma
OTU_251,Fungi,Basidiomycota,Microbotryomycetes,Sporidiobolales,Incertae_sedis_25,Rhodotorula,unclassified_Rhodotorula
OTU_68,Fungi,Ascomycota,Ascomycota_unidentified,Ascomycota_unidentified_1,Ascomycota_unidentified_1,Ascomycota_unidentified_1_1,Ascomycota_sp|SH215422.06FU
OTU_168,Fungi,Ascomycota,unclassified_Ascomycota,unclassified_Ascomycota,unclassified_Ascomycota,unclassified_Ascomycota,unclassified_Ascomycota
OTU_86,Fungi,Ascomycota,Dothideomycetes,Capnodiales,Capnodiales_unidentified,Capnodiales_unidentified_1,Capnodiales_sp|SH238952.06FU
OTU_37,Fungi,Ascomycota,Dothideomycetes,Pleosporales,Pleosporales_unidentified,Pleosporales_unidentified_1,Pleosporales_sp|SH223805.06FU
OTU_95,Fungi,Basidiomycota,Cystobasidiomycetes,Erythrobasidiales,Incertae_sedis_41,Erythrobasidium,Erythrobasidium_hasegawianum|SH239324.06FU
OTU_59,Fungi,Ascomycota,Dothideomycetes,Incertae_sedis_8,Pseudeurotiaceae,Pseudeurotiaceae_unidentified,Pseudeurotiaceae_sp|SH222309.06FU
OTU_644,Fungi,Basidiomycota,Agaricomycetes,Polyporales,Polyporales_unidentified,Polyporales_unidentified_1,Polyporales_sp|SH238690.06FU
OTU_146,Fungi,Basidiomycota,Pucciniomycetes,Pucciniales,Melampsoraceae,Melampsora,Melampsora_epitea|SH211554.06FU
OTU_203,Fungi,Ascomycota,Dothideomycetes,Dothideomycetes_unidentified,Dothideomycetes_unidentified_1,Dothideomycetes_unidentified_1,Dothideomycetes_sp|SH227809.06FU
OTU_120,Fungi,Ascomycota,Dothideomycetes,Pleosporales,Pleosporaceae,Drechslera,Drechslera_triseptata|SH212476.06FU
OTU_463,Fungi,Ascomycota,Dothideomycetes,Capnodiales,Incertae_sedis_17,Rachicladosporium,unclassified_Rachicladosporium
OTU_169,Fungi,Basidiomycota,Microbotryomycetes,Sporidiobolales,Incertae_sedis_25,Rhodotorula,Rhodotorula_nothofagi|SH223682.06FU
OTU_126,Fungi,Ascomycota,Dothideomycetes,Dothideales,Dothioraceae,Dothioraceae_unidentified,Dothioraceae_sp|SH231446.06FU
OTU_260,Fungi,Basidiomycota,Basidiomycota_unidentified,Basidiomycota_unidentified_1,Basidiomycota_unidentified_1,Basidiomycota_unidentified_1_1,Basidiomycota_sp|SH209801.06FU
OTU_177,Fungi,Basidiomycota,Agaricomycetes,Agaricales,Psathyrellaceae,Psathyrella,Psathyrella_candolleana|SH199666.06FU
OTU_312,Fungi,Basidiomycota,Agaricomycetes,Cantharellales,Ceratobasidiaceae,Ceratobasidium,Ceratobasidium_sp|SH195844.06FU
OTU_476,Fungi,Basidiomycota,Agaricomycetes,Agaricales,Schizophyllaceae,Schizophyllum,Schizophyllum_commune|SH214159.06FU
OTU_410,Fungi,Ascomycota,Dothideomycetes,Pleosporales,Montagnulaceae,Paraconiothyrium,Paraconiothyrium_variabile|SH224124.06FU
OTU_57,Fungi,Ascomycota,Ascomycota_unidentified,Ascomycota_unidentified_1,Ascomycota_unidentified_1,Ascomycota_unidentified_1_1,Ascomycota_sp|SH216151.06FU
OTU_204,Fungi,Basidiomycota,Agaricomycetes,Agaricales,Agaricales_unidentified,Agaricales_unidentified_1,Agaricales_sp|SH205086.06FU
OTU_182,Fungi,Ascomycota,Dothideomycetes,Capnodiales,Mycosphaerellaceae,Mycosphaerellaceae_unidentified,Mycosphaerellaceae_sp|SH220690.06FU
OTU_645,Fungi,Ascomycota,unclassified_Ascomycota,unclassified_Ascomycota,unclassified_Ascomycota,unclassified_Ascomycota,unclassified_Ascomycota
OTU_541,Fungi,Ascomycota,Leotiomycetes,Helotiales,unclassified_Helotiales,unclassified_Helotiales,unclassified_Helotiales
OTU_487,Fungi,Ascomycota,Incertae_sedis_14,Incertae_sedis_15,Incertae_sedis_16,Zymoseptoria,Zymoseptoria_verkleyi|SH196532.06FU
OTU_236,Fungi,Ascomycota,Dothideomycetes,Capnodiales,Mycosphaerellaceae,Mycosphaerella,Mycosphaerella_pini|SH212657.06FU
OTU_60,Fungi,Ascomycota,Taphrinomycetes,Taphrinales,Taphrinaceae,Taphrina,Taphrina_sp|SH211021.06FU
OTU_646,Fungi,Basidiomycota,Microbotryomycetes,Sporidiobolales,Incertae_sedis_25,unclassified_Incertae_sedis_25,unclassified_Incertae_sedis_25
OTU_75,Fungi,Ascomycota,Dothideomycetes,Capnodiales,Davidiellaceae,Davidiella,Davidiella_tassiana|SH196750.06FU
OTU_127,Fungi,Ascomycota,Dothideomycetes,Pleosporales,Phaeosphaeriaceae,Stagonospora,Stagonospora_pseudovitensis|SH199974.06FU
OTU_35,Fungi,Basidiomycota,Tremellomycetes,Filobasidiales,Filobasidiaceae,Filobasidium,Filobasidium_floriforme|SH216500.06FU
OTU_88,Fungi,Basidiomycota,Microbotryomycetes,Sporidiobolales,Incertae_sedis_25,Sporobolomyces,Sporobolomyces_gracilis|SH227546.06FU
OTU_81,Fungi,Ascomycota,Dothideomycetes,Pleosporales,Pleosporaceae,Pyrenophora,Pyrenophora_teres|SH224729.06FU
OTU_378,Fungi,Ascomycota,Dothideomycetes,Capnodiales,Mycosphaerellaceae,Trimmatostroma,Trimmatostroma_cordae
OTU_294,Fungi,Ascomycota,Leotiomycetes,Rhytismatales,Rhytismataceae,Rhytismataceae_unidentified,Rhytismataceae_sp|SH196480.06FU
OTU_141,Fungi,Ascomycota,unclassified_Ascomycota,unclassified_Ascomycota,unclassified_Ascomycota,unclassified_Ascomycota,unclassified_Ascomycota
OTU_206,Chromista,Stramenopiles,Oomycetes,Peronosporales,Peronosporaceae,Plasmopara,Plasmopara_viticola
OTU_135,Fungi,Basidiomycota,Tremellomycetes,Tremellomycetes_unidentified,Tremellomycetes_unidentified_1,Tremellomycetes_unidentified_1,Tremellomycetes_sp|SH212069.06FU
OTU_36,Fungi,Ascomycota,Leotiomycetes,Helotiales,Helotiaceae,Articulospora,Articulospora_sp|SH191098.06FU
OTU_155,Fungi,Ascomycota,Leotiomycetes,Erysiphales,Erysiphaceae,Neoerysiphe,Neoerysiphe_nevoi|SH224774.06FU
OTU_647,Fungi,Ascomycota,Leotiomycetes,Helotiales,Helotiaceae,Crocicreas,Crocicreas_culmicola|SH239944.06FU
OTU_237,Fungi,Ascomycota,unclassified_Ascomycota,unclassified_Ascomycota,unclassified_Ascomycota,unclassified_Ascomycota,unclassified_Ascomycota
OTU_24,Fungi,Ascomycota,Dothideomycetes,Pleosporales,unclassified_Pleosporales,unclassified_Pleosporales,unclassified_Pleosporales
OTU_706,Fungi,Ascomycota,Dothideomycetes,Capnodiales,Capnodiales_unidentified,Capnodiales_unidentified_1,Capnodiales_sp|SH229303.06FU
OTU_54,Fungi,Ascomycota,Dothideomycetes,Pleosporales,Incertae_sedis_13,Leptosphaerulina,Leptosphaerulina_chartarum|SH227423.06FU
OTU_398,Fungi,Ascomycota,Dothideomycetes,Capnodiales,Incertae_sedis_17,Capnobotryella,Capnobotryella_sp|SH195035.06FU
OTU_80,Fungi,Ascomycota,unclassified_Ascomycota,unclassified_Ascomycota,unclassified_Ascomycota,unclassified_Ascomycota,unclassified_Ascomycota
OTU_391,Fungi,Basidiomycota,Tremellomycetes,Cystofilobasidiales,Cystofilobasidiaceae,Udeniomyces,Udeniomyces_megalosporus|SH207895.06FU
OTU_411,Fungi,Basidiomycota,Tremellomycetes,Cystofilobasidiales,Cystofilobasidiaceae,Udeniomyces,Udeniomyces_pseudopyricola|SH207894.06FU
OTU_189,Fungi,Basidiomycota,Tremellomycetes,Tremellales,Incertae_sedis_12,Cryptococcus_1,Cryptococcus_aff_amylolyticus_AS_22501|SH223364.06FU
OTU_48,Fungi,Ascomycota,Dothideomycetes,Capnodiales,Capnodiales_unidentified,Capnodiales_unidentified_1,Capnodiales_sp|SH235211.06FU
OTU_285,Fungi,Ascomycota,Dothideomycetes,Capnodiales,unclassified_Capnodiales,unclassified_Capnodiales,unclassified_Capnodiales
OTU_358,Fungi,Basidiomycota,Agaricomycetes,Hymenochaetales,Hymenochaetaceae,Fuscoporia,Fuscoporia_torulosa|SH219596.06FU
OTU_579,Fungi,Ascomycota,unclassified_Ascomycota,unclassified_Ascomycota,unclassified_Ascomycota,unclassified_Ascomycota,unclassified_Ascomycota
OTU_242,Fungi,Basidiomycota,Microbotryomycetes,Sporidiobolales,unclassified_Sporidiobolales,unclassified_Sporidiobolales,unclassified_Sporidiobolales
OTU_497,Fungi,Ascomycota,Ascomycota_unidentified,Ascomycota_unidentified_1,Ascomycota_unidentified_1,Ascomycota_unidentified_1_1,unclassified_Ascomycota_unidentified_1_1
OTU_145,Fungi,Fungi_unidentified,Fungi_unidentified_1,Fungi_unidentified_1,Fungi_unidentified_1_1,Fungi_unidentified_1_1,Fungi_sp|SH211973.06FU
OTU_498,Fungi,Basidiomycota,Microbotryomycetes,Sporidiobolales,unclassified_Sporidiobolales,unclassified_Sporidiobolales,unclassified_Sporidiobolales
OTU_142,Fungi,Ascomycota,Dothideomycetes,Dothideomycetes_unidentified,Dothideomycetes_unidentified_1,Dothideomycetes_unidentified_1,Dothideomycetes_sp|SH227809.06FU
OTU_434,Fungi,Ascomycota,Leotiomycetes,Erysiphales,Erysiphaceae,Erysiphe,unclassified_Erysiphe
OTU_153,Fungi,Ascomycota,Leotiomycetes,Erysiphales,Erysiphaceae,Podosphaera,Podosphaera_lini|SH194416.06FU
OTU_278,Fungi,Basidiomycota,Agaricomycetes,Corticiales,Corticiaceae,Vuilleminia,Vuilleminia_sp|SH212911.06FU
OTU_76,Fungi,Ascomycota,Dothideomycetes,Pleosporales,Leptosphaeriaceae,Coniothyrium,Coniothyrium_sp_JK27|SH233607.06FU
OTU_114,Fungi,Ascomycota,Dothideomycetes,Pleosporales,Phaeosphaeriaceae,Phaeosphaeriaceae_unidentified,Phaeosphaeriaceae_sp|SH206997.06FU
OTU_26,Fungi,Basidiomycota,Microbotryomycetes,Sporidiobolales,Incertae_sedis_25,Sporobolomyces,Sporobolomyces_ruberrimus|SH196707.06FU
OTU_301,Fungi,Ascomycota,Sordariomycetes,Xylariales,Amphisphaeriaceae,Truncatella,Truncatella_spadicea|SH211287.06FU
OTU_331,Fungi,Ascomycota,Leotiomycetes,unclassified_Leotiomycetes,unclassified_Leotiomycetes,unclassified_Leotiomycetes,unclassified_Leotiomycetes
OTU_442,Fungi,Ascomycota,Dothideomycetes,Capnodiales,Capnodiales_unidentified,Capnodiales_unidentified_1,unclassified_Capnodiales_unidentified_1
OTU_33,Fungi,Basidiomycota,Tremellomycetes,Tremellomycetes_unidentified,Tremellomycetes_unidentified_1,Tremellomycetes_unidentified_1,Tremellomycetes_sp|SH212072.06FU
OTU_105,Fungi,Ascomycota,Dothideomycetes,Pleosporales,Phaeosphaeriaceae,unclassified_Phaeosphaeriaceae,unclassified_Phaeosphaeriaceae
OTU_255,Fungi,Ascomycota,Taphrinomycetes,Taphrinales,Taphrinaceae,Taphrina,Taphrina_alni|SH211020.06FU
OTU_670,Fungi,Ascomycota,Leotiomycetes,Helotiales,Helotiales_unidentified,Helotiales_unidentified_1,Helotiales_sp|SH191096.06FU
OTU_53,Fungi,Ascomycota,Dothideomycetes,Pleosporales,Pleosporaceae,Pleosporaceae_unidentified,Pleosporaceae_sp|SH212473.06FU
OTU_477,Fungi,Ascomycota,Ascomycota_unidentified,Ascomycota_unidentified_1,Ascomycota_unidentified_1,Ascomycota_unidentified_1_1,Ascomycota_sp|SH235462.06FU
OTU_173,Fungi,Ascomycota,Taphrinomycetes,Taphrinales,Taphrinaceae,Taphrina,Taphrina_sp|SH211021.06FU
OTU_215,Fungi,Basidiomycota,Cystobasidiomycetes,Erythrobasidiales,Incertae_sedis_41,Erythrobasidium,Erythrobasidium_hasegawianum|SH239324.06FU
OTU_71,Fungi,Basidiomycota,Tremellomycetes,Tremellales,Incertae_sedis_12,Cryptococcus_1,Cryptococcus_victoriae|SH198055.06FU
OTU_453,Fungi,Ascomycota,Leotiomycetes,Helotiales,Rutstroemiaceae,Rutstroemiaceae_unidentified,Rutstroemiaceae_sp|SH212098.06FU
OTU_188,Fungi,Ascomycota,Dothideomycetes,Capnodiales,Mycosphaerellaceae,Sphaerulina,Sphaerulina_pseudovirgaureae|SH212655.06FU
OTU_648,Fungi,Ascomycota,Dothideomycetes,Dothideomycetes_unidentified,Dothideomycetes_unidentified_1,Dothideomycetes_unidentified_1,Dothideomycetes_sp|SH227809.06FU
OTU_90,Fungi,Ascomycota,Taphrinomycetes,Taphrinales,Taphrinaceae,Taphrina,Taphrina_deformans|SH211010.06FU
OTU_144,Fungi,Basidiomycota,Agaricomycetes,Russulales,Peniophoraceae,Peniophora,Peniophora_pini|SH234606.06FU
OTU_512,Fungi,Ascomycota,unclassified_Ascomycota,unclassified_Ascomycota,unclassified_Ascomycota,unclassified_Ascomycota,unclassified_Ascomycota
OTU_513,Fungi,Ascomycota,unclassified_Ascomycota,unclassified_Ascomycota,unclassified_Ascomycota,unclassified_Ascomycota,Ascomycete_sp_HK-S196
OTU_499,Fungi,Ascomycota,unclassified_Ascomycota,unclassified_Ascomycota,unclassified_Ascomycota,unclassified_Ascomycota,unclassified_Ascomycota
OTU_580,Fungi,Ascomycota,Dothideomycetes,Dothideales,Dothioraceae,unclassified_Dothioraceae,unclassified_Dothioraceae
OTU_220,Fungi,Basidiomycota,Agaricomycetes,unclassified_Agaricomycetes,unclassified_Agaricomycetes,unclassified_Agaricomycetes,unclassified_Agaricomycetes
OTU_454,Fungi,Ascomycota,Eurotiomycetes,Chaetothyriales,Herpotrichiellaceae,Phaeomoniella,Phaeomoniella_sp_DC2099|SH221994.06FU
OTU_272,Fungi,Ascomycota,Leotiomycetes,Helotiales,Hyaloscyphaceae,unclassified_Hyaloscyphaceae,unclassified_Hyaloscyphaceae
OTU_615,Fungi,Ascomycota,Leotiomycetes,Helotiales,Incertae_sedis_2,Tetracladium,Tetracladium_sp|SH216426.06FU
OTU_183,Fungi,Ascomycota,Dothideomycetes,Capnodiales,Teratosphaeriaceae,Devriesia,Devriesia_fraseriae|SH189975.06FU
OTU_159,Fungi,Basidiomycota,Microbotryomycetes,Sporidiobolales,Incertae_sedis_25,Sporobolomyces,Sporobolomyces_elongatus|SH227555.06FU
OTU_346,Fungi,Basidiomycota,Microbotryomycetes,Sporidiobolales,Sporidiobolales_unidentified,Sporidiobolales_unidentified_1,Sporidiobolales_sp|SH221989.06FU
OTU_332,Fungi,Ascomycota,Sordariomycetes,Diaporthales,Incertae_sedis_20,Ophiognomonia,Ophiognomonia_sogonovii|SH226094.06FU
OTU_207,Fungi,Ascomycota,Dothideomycetes,Pleosporales,Amniculicolaceae,Murispora,Murispora_cicognanii
OTU_333,Fungi,Ascomycota,Dothideomycetes,Pleosporales,Pleosporaceae,Pleosporaceae_unidentified,Pleosporaceae_sp|SH212467.06FU
OTU_115,Fungi,Ascomycota,Ascomycota_unidentified,Ascomycota_unidentified_1,Ascomycota_unidentified_1,Ascomycota_unidentified_1_1,Ascomycota_sp|SH230637.06FU
OTU_192,Fungi,Basidiomycota,Agaricomycetes,Polyporales,Ganodermataceae,Ganoderma,Ganoderma_applanatum|SH232520.06FU
OTU_83,Fungi,Ascomycota,Dothideomycetes,Capnodiales,Mycosphaerellaceae,Sphaerulina,Sphaerulina_pseudovirgaureae|SH212655.06FU
OTU_592,Fungi,Basidiomycota,Agaricomycetes,Agaricales,Mycenaceae,Mycena,unclassified_Mycena
OTU_238,Fungi,Ascomycota,Dothideomycetes,Dothideomycetes_unidentified,Dothideomycetes_unidentified_1,Dothideomycetes_unidentified_1,Dothideomycetes_sp|SH190505.06FU
OTU_180,Fungi,Ascomycota,Leotiomycetes,Helotiales,Helotiaceae,Crocicreas,Crocicreas_cyathoideum_var._cyathoideum|SH239946.06FU
OTU_247,Fungi,Basidiomycota,Tremellomycetes,Filobasidiales,Filobasidiaceae,unclassified_Filobasidiaceae,unclassified_Filobasidiaceae
OTU_221,Fungi,Ascomycota,Ascomycota_unidentified,Ascomycota_unidentified_1,Ascomycota_unidentified_1,Ascomycota_unidentified_1_1,Ascomycota_sp|SH225745.06FU
OTU_338,Fungi,Ascomycota,Dothideomycetes,Pleosporales,Pleosporaceae,Pyrenophora,Pyrenophora_erythrospila|SH212472.06FU
OTU_366,Fungi,Ascomycota,Leotiomycetes,Helotiales,Incertae_sedis_2,Incertae_sedis_2_unidentified,Helotiales_sp|SH234732.06FU
OTU_281,Fungi,Ascomycota,Dothideomycetes,Pleosporales,Phaeosphaeriaceae,Phaeosphaeriaceae_unidentified,unclassified_Phaeosphaeriaceae_unidentified
OTU_109,Fungi,Ascomycota,Sordariomycetes,Hypocreales,Clavicipitaceae,Claviceps,Claviceps_purpurea|SH232453.06FU
OTU_218,Fungi,Ascomycota,Dothideomycetes,Pleosporales,unclassified_Pleosporales,unclassified_Pleosporales,unclassified_Pleosporales
OTU_359,Fungi,Basidiomycota,Agaricomycetes,Cantharellales,Hydnaceae,Sistotrema,Sistotrema_sp|SH198005.06FU
OTU_160,Fungi,Ascomycota,Leotiomycetes,Erysiphales,Erysiphaceae,Golovinomyces,Golovinomyces_leuceriae|SH212543.06FU
OTU_370,Fungi,Ascomycota,Dothideomycetes,Pleosporales,Incertae_sedis_13,Periconia,Periconia_sp_CY137|SH232019.06FU
OTU_191,Fungi,Ascomycota,Taphrinomycetes,Taphrinales,Taphrinaceae,unclassified_Taphrinaceae,unclassified_Taphrinaceae
OTU_616,Fungi,Ascomycota,Leotiomycetes,unclassified_Leotiomycetes,unclassified_Leotiomycetes,unclassified_Leotiomycetes,unclassified_Leotiomycetes
OTU_399,Fungi,Ascomycota,unclassified_Ascomycota,unclassified_Ascomycota,unclassified_Ascomycota,unclassified_Ascomycota,unclassified_Ascomycota
OTU_649,Fungi,Ascomycota,Dothideomycetes,Pleosporales,Montagnulaceae,Paraconiothyrium,Paraconiothyrium_variabile|SH224124.06FU
OTU_342,Fungi,Ascomycota,Dothideomycetes,Capnodiales,Mycosphaerellaceae,Dissoconium,Dissoconium_proteae|SH197939.06FU
OTU_322,Fungi,Basidiomycota,Agaricomycetes,Russulales,Peniophoraceae,Peniophora,Peniophora_pini|SH234606.06FU
OTU_400,Fungi,Basidiomycota,Agaricomycetes,Cantharellales,Ceratobasidiaceae,Ceratobasidium,Ceratobasidium_sp_473aPtBmS2|SH224055.06FU
OTU_347,Fungi,Basidiomycota,Tremellomycetes,Tremellales,Incertae_sedis_12,Cryptococcus_1,Cryptococcus_sp|SH198056.06FU
OTU_225,Fungi,Ascomycota,Sordariomycetes,Xylariales,Amphisphaeriaceae,Pestalotiopsis,Pestalotiopsis_rhododendri|SH210426.06FU
OTU_16,Fungi,Basidiomycota,Tremellomycetes,Filobasidiales,Filobasidiaceae,Filobasidium,Filobasidium_floriforme|SH216500.06FU
OTU_167,Fungi,Basidiomycota,Agaricomycetes,Agaricales,Agaricaceae,Bovista,Bovista_plumbea|SH191495.06FU
OTU_171,Fungi,Ascomycota,Dothideomycetes,Pleosporales,Pleosporaceae,Alternaria,Alternaria_metachromatica|SH224792.06FU
OTU_72,Fungi,Basidiomycota,Microbotryomycetes,Sporidiobolales,Incertae_sedis_25,Incertae_sedis_25_unidentified,Sporidiobolales_sp|SH228919.06FU
OTU_99,Fungi,Basidiomycota,Agaricomycetes,Agaricales,Psathyrellaceae,Parasola,Parasola_sp|SH193275.06FU
OTU_559,Fungi,Basidiomycota,Agaricomycetes,Agaricales,unclassified_Agaricales,unclassified_Agaricales,unclassified_Agaricales
OTU_500,Fungi,Ascomycota,Dothideomycetes,Capnodiales,Teratosphaeriaceae,unclassified_Teratosphaeriaceae,unclassified_Teratosphaeriaceae
OTU_273,Fungi,Ascomycota,Dothideomycetes,Pleosporales,Phaeosphaeriaceae,Phaeosphaeria,Phaeosphaeria_juncicola|SH213114.06FU
OTU_178,Fungi,Ascomycota,Dothideomycetes,Pleosporales,Incertae_sedis_13,Periconia,Periconia_sp|SH197554.06FU
OTU_443,Fungi,Basidiomycota,Agaricomycetes,Corticiales,Corticiaceae,Hyphoderma,Hyphoderma_transiens
OTU_514,Fungi,Basidiomycota,Agaricomycetes,Agaricales,Psathyrellaceae,Coprinellus,Coprinellus_canistri|SH199688.06FU
OTU_650,Fungi,Ascomycota,Leotiomycetes,unclassified_Leotiomycetes,unclassified_Leotiomycetes,unclassified_Leotiomycetes,unclassified_Leotiomycetes
OTU_420,Fungi,Ascomycota,Sordariomycetes,Sordariomycetes_unidentified,Sordariomycetes_unidentified_1,Sordariomycetes_unidentified_1,Sordariomycetes_sp|SH219628.06FU
OTU_323,Fungi,Ascomycota,Dothideomycetes,Dothideomycetes_unidentified,Dothideomycetes_unidentified_1,Dothideomycetes_unidentified_1,Dothideomycetes_sp|SH223802.06FU
OTU_392,Fungi,Ascomycota,Dothideomycetes,Pleosporales,Pleosporales_unidentified,Pleosporales_unidentified_1,Pleosporales_sp|SH203351.06FU
OTU_593,Fungi,Ascomycota,Dothideomycetes,Pleosporales,Pleosporales_unidentified,Pleosporales_unidentified_1,Pleosporales_sp|SH232016.06FU
OTU_339,Fungi,Ascomycota,Dothideomycetes,unclassified_Dothideomycetes,unclassified_Dothideomycetes,unclassified_Dothideomycetes,unclassified_Dothideomycetes
OTU_129,Fungi,Ascomycota,unclassified_Ascomycota,unclassified_Ascomycota,unclassified_Ascomycota,unclassified_Ascomycota,unclassified_Ascomycota
OTU_560,Fungi,Basidiomycota,Tremellomycetes,Cystofilobasidiales,Cystofilobasidiaceae,Udeniomyces,Udeniomyces_sp_XJ_8B3|SH207893.06FU
OTU_65,Fungi,Ascomycota,Dothideomycetes,Pleosporales,Incertae_sedis_13,Phoma,Phoma_herbarum
OTU_561,Fungi,Ascomycota,Dothideomycetes,Pleosporales,Phaeosphaeriaceae,unclassified_Phaeosphaeriaceae,unclassified_Phaeosphaeriaceae
OTU_444,Fungi,Ascomycota,Leotiomycetes,Helotiales,Incertae_sedis_2,Oculimacula,Oculimacula_yallundae|SH204725.06FU
OTU_562,Fungi,Ascomycota,Dothideomycetes,Pleosporales,Pleosporales_unidentified,Pleosporales_unidentified_1,Pleosporales_sp|SH196178.06FU
OTU_228,Fungi,Ascomycota,Sordariomycetes,unclassified_Sordariomycetes,unclassified_Sordariomycetes,unclassified_Sordariomycetes,unclassified_Sordariomycetes
OTU_103,Fungi,Ascomycota,Dothideomycetes,Pleosporales,Incertae_sedis_13,Phoma,Phoma_sp_SS_1691|SH202168.06FU
OTU_152,Fungi,Basidiomycota,Microbotryomycetes,Sporidiobolales,Incertae_sedis_25,Sporobolomyces,Sporobolomyces_salicinus|SH227556.06FU
OTU_594,Fungi,Ascomycota,Dothideomycetes,Pleosporales,unclassified_Pleosporales,unclassified_Pleosporales,unclassified_Pleosporales
OTU_515,Fungi,Ascomycota,Dothideomycetes,unclassified_Dothideomycetes,unclassified_Dothideomycetes,unclassified_Dothideomycetes,unclassified_Dothideomycetes
OTU_707,Fungi,Ascomycota,Dothideomycetes,unclassified_Dothideomycetes,unclassified_Dothideomycetes,unclassified_Dothideomycetes,unclassified_Dothideomycetes
OTU_139,Fungi,Ascomycota,Ascomycota_unidentified,Ascomycota_unidentified_1,Ascomycota_unidentified_1,Ascomycota_unidentified_1_1,Ascomycota_sp|SH216151.06FU
OTU_198,Fungi,Basidiomycota,Tremellomycetes,Tremellales,Incertae_sedis_12,Cryptococcus_1,Cryptococcus_sp|SH198056.06FU
OTU_464,Fungi,Basidiomycota,Microbotryomycetes,Sporidiobolales,Incertae_sedis_25,unclassified_Incertae_sedis_25,unclassified_Incertae_sedis_25
OTU_302,Fungi,Ascomycota,unclassified_Ascomycota,unclassified_Ascomycota,unclassified_Ascomycota,unclassified_Ascomycota,unclassified_Ascomycota
OTU_248,Fungi,Ascomycota,Dothideomycetes,Incertae_sedis_8,Incertae_sedis_19,Leptospora,Leptospora_rubella|SH213115.06FU
OTU_51,Fungi,Ascomycota,Dothideomycetes,Pleosporales,Pleosporaceae,Alternaria,Alternaria_brassicae|SH230452.06FU
OTU_79,Fungi,Basidiomycota,Tremellomycetes,Tremellales,Incertae_sedis_12,Cryptococcus_1,Cryptococcus_victoriae|SH198055.06FU
OTU_286,Fungi,Basidiomycota,Microbotryomycetes,Sporidiobolales,Incertae_sedis_25,Rhodotorula,Rhodotorula_mucilaginosa|SH228918.06FU
OTU_113,Fungi,Ascomycota,Ascomycota_unidentified,Ascomycota_unidentified_1,Ascomycota_unidentified_1,Ascomycota_unidentified_1_1,Ascomycota_sp|SH219457.06FU
OTU_256,Fungi,Basidiomycota,Tremellomycetes,Filobasidiales,Filobasidiaceae,Cryptococcus,Cryptococcus_wieringae|SH216503.06FU
OTU_563,Fungi,Ascomycota,Leotiomycetes,Erysiphales,Erysiphaceae,Podosphaera,Podosphaera_fusca|SH194415.06FU
OTU_389,Fungi,Ascomycota,Sordariomycetes,Incertae_sedis_7,Apiosporaceae,Arthrinium,Arthrinium_phragmites|SH233380.06FU
OTU_317,Fungi,Ascomycota,unclassified_Ascomycota,unclassified_Ascomycota,unclassified_Ascomycota,unclassified_Ascomycota,unclassified_Ascomycota
OTU_269,Fungi,Ascomycota,Ascomycota_unidentified,Ascomycota_unidentified_1,Ascomycota_unidentified_1,Ascomycota_unidentified_1_1,Ascomycota_sp|SH210433.06FU
OTU_445,Fungi,Ascomycota,Dothideomycetes,Pleosporales,Pleosporaceae,Pyrenophora,Pyrenophora_chaetomioides|SH227032.06FU
OTU_360,Fungi,Ascomycota,Dothideomycetes,unclassified_Dothideomycetes,unclassified_Dothideomycetes,unclassified_Dothideomycetes,unclassified_Dothideomycetes
OTU_216,Fungi,Ascomycota,unclassified_Ascomycota,unclassified_Ascomycota,unclassified_Ascomycota,unclassified_Ascomycota,unclassified_Ascomycota
OTU_393,Fungi,Ascomycota,Sordariomycetes,Sordariomycetes_unidentified,Sordariomycetes_unidentified_1,Sordariomycetes_unidentified_1,Sordariomycetes_sp|SH212157.06FU
OTU_209,Fungi,Ascomycota,Taphrinomycetes,Taphrinales,Taphrinaceae,Taphrina,Taphrina_sp|SH211009.06FU
OTU_564,Fungi,Basidiomycota,Basidiomycota_unidentified,Basidiomycota_unidentified_1,Basidiomycota_unidentified_1,Basidiomycota_unidentified_1_1,Basidiomycota_sp|SH209801.06FU
OTU_542,Fungi,Ascomycota,unclassified_Ascomycota,unclassified_Ascomycota,unclassified_Ascomycota,unclassified_Ascomycota,unclassified_Ascomycota
OTU_151,Fungi,Ascomycota,Dothideomycetes,Pleosporales,Incertae_sedis_13,Periconia,Periconia_sp|SH232015.06FU
OTU_501,Fungi,Basidiomycota,Agaricomycetes,Agaricales,Psathyrellaceae,Coprinopsis,unclassified_Coprinopsis
OTU_154,Fungi,Basidiomycota,Agaricomycetes,Agaricales,unclassified_Agaricales,unclassified_Agaricales,unclassified_Agaricales
OTU_581,Fungi,Ascomycota,Leotiomycetes,Helotiales,Hyaloscyphaceae,Lachnum,unclassified_Lachnum
OTU_543,Fungi,Ascomycota,Ascomycota_unidentified,Ascomycota_unidentified_1,Ascomycota_unidentified_1,Ascomycota_unidentified_1_1,Ascomycota_sp|SH194580.06FU
OTU_401,Fungi,Basidiomycota,Agaricomycetes,Agaricomycetes_unidentified,Agaricomycetes_unidentified_1,Agaricomycetes_unidentified_1,Agaricomycetes_sp|SH238729.06FU
OTU_274,Fungi,Ascomycota,Dothideomycetes,Pleosporales,Incertae_sedis_13,Periconia,Periconia_sp|SH196127.06FU
OTU_708,Fungi,Ascomycota,Sordariomycetes,Xylariales,Xylariaceae,Anthostomella,Anthostomella_sp|SH231187.06FU
OTU_261,Fungi,Ascomycota,Leotiomycetes,Helotiales,Helotiales_unidentified,Helotiales_unidentified_1,Helotiales_sp|SH200348.06FU
OTU_324,Fungi,Basidiomycota,Agaricomycetes,Russulales,Stereaceae,Stereaceae_unidentified,Stereaceae_sp|SH217923.06FU
OTU_544,Fungi,Ascomycota,Leotiomycetes,Helotiales,Hyaloscyphaceae,Lachnellula,unclassified_Lachnellula
OTU_565,Fungi,Ascomycota,Dothideomycetes,Capnodiales,unclassified_Capnodiales,unclassified_Capnodiales,unclassified_Capnodiales
OTU_156,Fungi,Basidiomycota,Tremellomycetes,Filobasidiales,Filobasidiaceae,Cryptococcus,Cryptococcus_heimaeyensis|SH198057.06FU
OTU_523,Fungi,Ascomycota,unclassified_Ascomycota,unclassified_Ascomycota,unclassified_Ascomycota,unclassified_Ascomycota,unclassified_Ascomycota
OTU_325,Fungi,Ascomycota,Leotiomycetes,Erysiphales,Erysiphaceae,Podosphaera,Podosphaera_lini|SH194416.06FU
OTU_193,Fungi,Ascomycota,unclassified_Ascomycota,unclassified_Ascomycota,unclassified_Ascomycota,unclassified_Ascomycota,unclassified_Ascomycota
OTU_446,Fungi,Ascomycota,Dothideomycetes,Dothideomycetes_unidentified,Dothideomycetes_unidentified_1,Dothideomycetes_unidentified_1,Dothideomycetes_sp|SH227809.06FU
OTU_279,Fungi,Basidiomycota,Agaricomycetes,Polyporales,Polyporales_unidentified,Polyporales_unidentified_1,Polyporales_sp|SH205109.06FU
OTU_671,Fungi,Ascomycota,unclassified_Ascomycota,unclassified_Ascomycota,unclassified_Ascomycota,unclassified_Ascomycota,unclassified_Ascomycota
OTU_651,Fungi,Ascomycota,Dothideomycetes,Pleosporales,Didymosphaeriaceae,Spegazzinia,Spegazzinia_sp
OTU_516,Fungi,Ascomycota,Leotiomycetes,Erysiphales,Erysiphaceae,Erysiphe,Erysiphe_pisi|SH204914.06FU
OTU_201,Fungi,Ascomycota,Leotiomycetes,Erysiphales,Erysiphaceae,Erysiphe,Erysiphe_arcuata|SH204913.06FU
OTU_394,Fungi,Ascomycota,Ascomycota_unidentified,Ascomycota_unidentified_1,Ascomycota_unidentified_1,Ascomycota_unidentified_1_1,Ascomycota_sp|SH230788.06FU
OTU_343,Fungi,Ascomycota,Dothideomycetes,Pleosporales,Phaeosphaeriaceae,Phaeosphaeriaceae_unidentified,Phaeosphaeriaceae_sp|SH206983.06FU
OTU_257,Fungi,Ascomycota,Eurotiomycetes,Chaetothyriales,Herpotrichiellaceae,Exophiala,Exophiala_sp_CPC_12171|SH209743.06FU
OTU_502,Fungi,Basidiomycota,unclassified_Basidiomycota,unclassified_Basidiomycota,unclassified_Basidiomycota,unclassified_Basidiomycota,unclassified_Basidiomycota
OTU_313,Fungi,Ascomycota,unclassified_Ascomycota,unclassified_Ascomycota,unclassified_Ascomycota,unclassified_Ascomycota,unclassified_Ascomycota
OTU_190,Fungi,Ascomycota,Dothideomycetes,Pleosporales,Pleosporales_unidentified,Pleosporales_unidentified_1,Pleosporales_sp|SH231238.06FU
OTU_43,Fungi,Basidiomycota,Tremellomycetes,Filobasidiales,unclassified_Filobasidiales,unclassified_Filobasidiales,unclassified_Filobasidiales
OTU_617,Fungi,Basidiomycota,Agaricomycetes,Agaricales,Psathyrellaceae,Coprinopsis,Coprinopsis_cinerea|SH208469.06FU
OTU_524,Fungi,Basidiomycota,Agaricomycetes,Cantharellales,unclassified_Cantharellales,unclassified_Cantharellales,unclassified_Cantharellales
OTU_170,Fungi,Basidiomycota,Tremellomycetes,Filobasidiales,unclassified_Filobasidiales,unclassified_Filobasidiales,unclassified_Filobasidiales
OTU_618,Fungi,Ascomycota,Dothideomycetes,unclassified_Dothideomycetes,unclassified_Dothideomycetes,unclassified_Dothideomycetes,unclassified_Dothideomycetes
OTU_96,Fungi,Basidiomycota,Microbotryomycetes,Sporidiobolales,Incertae_sedis_25,Rhodotorula,Rhodotorula_acheniorum|SH191070.06FU
OTU_292,Fungi,Ascomycota,Ascomycota_unidentified,Ascomycota_unidentified_1,Ascomycota_unidentified_1,Ascomycota_unidentified_1_1,Ascomycota_sp|SH191099.06FU
OTU_295,Fungi,Ascomycota,Dothideomycetes,Capnodiales,Mycosphaerellaceae,Sphaerulina,Sphaerulina_pseudovirgaureae|SH212655.06FU
OTU_270,Fungi,Ascomycota,Dothideomycetes,Pleosporales,Pleosporaceae,Alternaria,Alternaria_metachromatica|SH224792.06FU
OTU_217,Fungi,Basidiomycota,Basidiomycota_unidentified,Basidiomycota_unidentified_1,Basidiomycota_unidentified_1,Basidiomycota_unidentified_1_1,Basidiomycota_sp|SH209801.06FU
OTU_421,Fungi,Ascomycota,Dothideomycetes,Pleosporales,Pleosporales_unidentified,Pleosporales_unidentified_1,Pleosporales_sp|SH217121.06FU
OTU_73,Fungi,Ascomycota,Dothideomycetes,Pleosporales,Sporormiaceae,Sporormiaceae_unidentified,Sporormiaceae_sp|SH190469.06FU
OTU_158,Fungi,Ascomycota,Dothideomycetes,Pleosporales,Lophiostomataceae,Lophiostoma,Lophiostoma_sp|SH215429.06FU
OTU_239,Fungi,Ascomycota,unclassified_Ascomycota,unclassified_Ascomycota,unclassified_Ascomycota,unclassified_Ascomycota,unclassified_Ascomycota
OTU_296,Fungi,Ascomycota,Dothideomycetes,unclassified_Dothideomycetes,unclassified_Dothideomycetes,unclassified_Dothideomycetes,unclassified_Dothideomycetes
OTU_652,Fungi,Ascomycota,Dothideomycetes,Capnodiales,Capnodiales_unidentified,Capnodiales_unidentified_1,Capnodiales_sp|SH238953.06FU
OTU_619,Fungi,Ascomycota,Sordariomycetes,Hypocreales,Nectriaceae,Nectriaceae_unidentified,Nectriaceae_sp|SH206758.06FU
OTU_595,Fungi,Basidiomycota,Agaricomycetes,Polyporales,Fomitopsidaceae,Antrodia,Antrodia_xantha|SH209724.06FU
OTU_435,Fungi,Ascomycota,Pezizomycetes,Pezizales,Sarcosomataceae,Plectania,Plectania_sp|SH195937.06FU
OTU_63,Fungi,Ascomycota,Dothideomycetes,Pleosporales,Pleosporaceae,unclassified_Pleosporaceae,unclassified_Pleosporaceae
OTU_672,Fungi,Ascomycota,Dothideomycetes,Pleosporales,Phaeosphaeriaceae,Phaeosphaeriaceae_unidentified,Phaeosphaeriaceae_sp|SH227811.06FU
OTU_436,Fungi,Basidiomycota,Agaricomycetes,Polyporales,Fomitopsidaceae,Fibroporia,Fibroporia_citrina|SH205670.06FU
OTU_249,Fungi,Ascomycota,unclassified_Ascomycota,unclassified_Ascomycota,unclassified_Ascomycota,unclassified_Ascomycota,unclassified_Ascomycota
OTU_235,Fungi,Ascomycota,Dothideomycetes,Capnodiales,Davidiellaceae,Davidiella,Davidiella_tassiana|SH196750.06FU
OTU_254,Fungi,Ascomycota,Dothideomycetes,Capnodiales,Teratosphaeriaceae,Catenulostroma,Catenulostroma_hermanusense|SH238955.06FU
OTU_455,Fungi,unclassified_Fungi,unclassified_Fungi,unclassified_Fungi,unclassified_Fungi,unclassified_Fungi,fungal_sp_acwVHS39_13
OTU_122,Fungi,Ascomycota,unclassified_Ascomycota,unclassified_Ascomycota,unclassified_Ascomycota,unclassified_Ascomycota,unclassified_Ascomycota
OTU_582,Fungi,Ascomycota,Dothideomycetes,Capnodiales,Capnodiales_unidentified,Capnodiales_unidentified_1,Capnodiales_sp|SH235211.06FU
OTU_620,Fungi,Ascomycota,Dothideomycetes,Capnodiales,Teratosphaeriaceae,Devriesia,Devriesia_sp|SH215035.06FU
OTU_326,Fungi,Ascomycota,Leotiomycetes,Helotiales,Hyaloscyphaceae,Lachnum,Lachnum_sp|SH189778.06FU
OTU_371,Fungi,Ascomycota,Dothideomycetes,Pleosporales,Pleosporales_unidentified,Pleosporales_unidentified_1,Pleosporales_sp|SH206981.06FU
OTU_621,Fungi,Ascomycota,Sordariomycetes,Diaporthales,Diaporthaceae,Diaporthe,Diaporthe_cynaroidis|SH194738.06FU
OTU_197,Fungi,Ascomycota,Sordariomycetes,Trichosphaeriales,Incertae_sedis_26,Incertae_sedis_26_unidentified,Trichosphaeriales_sp|SH237074.06FU
OTU_402,Fungi,Ascomycota,Dothideomycetes,Capnodiales,unclassified_Capnodiales,unclassified_Capnodiales,unclassified_Capnodiales
OTU_379,Fungi,Ascomycota,Sordariomycetes,Xylariales,Incertae_sedis_9,Monographella,Monographella_nivalis|SH216927.06FU
OTU_545,Fungi,Ascomycota,Dothideomycetes,Pleosporales,Phaeosphaeriaceae,Eudarluca,Eudarluca_caricis|SH238344.06FU
OTU_94,Fungi,Ascomycota,Dothideomycetes,Pleosporales,Incertae_sedis_13,Leptosphaerulina,Leptosphaerulina_chartarum|SH227423.06FU
OTU_525,Fungi,Ascomycota,Leotiomycetes,unclassified_Leotiomycetes,unclassified_Leotiomycetes,unclassified_Leotiomycetes,unclassified_Leotiomycetes
OTU_275,Fungi,Basidiomycota,Ustilaginomycetes,Ustilaginales,Ustilaginaceae,Ustilago,Ustilago_tritici|SH237193.06FU
OTU_622,Fungi,Ascomycota,Dothideomycetes,Pleosporales,Incertae_sedis_13,unclassified_Incertae_sedis_13,unclassified_Incertae_sedis_13
OTU_465,Fungi,Ascomycota,Dothideomycetes,Capnodiales,Mycosphaerellaceae,Pseudocercospora,Pseudocercospora_norchiensis|SH195176.06FU
OTU_306,Fungi,Basidiomycota,Agaricomycetes,unclassified_Agaricomycetes,unclassified_Agaricomycetes,unclassified_Agaricomycetes,unclassified_Agaricomycetes
OTU_161,Fungi,Basidiomycota,Tremellomycetes,Cystofilobasidiales,Cystofilobasidiaceae,Udeniomyces,Udeniomyces_megalosporus|SH207895.06FU
OTU_488,Fungi,Ascomycota,Eurotiomycetes,Chaetothyriales,Chaetothyriales_unidentified,Chaetothyriales_unidentified_1,Chaetothyriales_sp|SH209747.06FU
OTU_340,Fungi,Basidiomycota,Microbotryomycetes,Sporidiobolales,Incertae_sedis_25,Sporobolomyces,Sporobolomyces_symmetricus|SH227541.06FU
OTU_526,Fungi,Ascomycota,Dothideomycetes,Capnodiales,unclassified_Capnodiales,unclassified_Capnodiales,unclassified_Capnodiales
OTU_138,Fungi,Basidiomycota,Microbotryomycetes,Sporidiobolales,unclassified_Sporidiobolales,unclassified_Sporidiobolales,unclassified_Sporidiobolales
OTU_106,Fungi,Fungi_unidentified,Fungi_unidentified_1,Fungi_unidentified_1,Fungi_unidentified_1_1,Fungi_unidentified_1_1,Fungi_sp|SH202167.06FU
OTU_314,Fungi,Basidiomycota,Ustilaginomycetes,Ustilaginales,Ustilaginaceae,Ustilago,Ustilago_striiformis|SH237191.06FU
OTU_213,Fungi,Basidiomycota,Agaricomycetes,Russulales,Peniophoraceae,Peniophora,Peniophora_pini|SH234606.06FU
OTU_403,Fungi,Basidiomycota,Agaricomycetes,Russulales,Stereaceae,Stereum,Stereum_sanguinolentum|SH217924.06FU
OTU_709,Fungi,Ascomycota,Dothideomycetes,Capnodiales,Mycosphaerellaceae,Sphaerulina,Sphaerulina_pseudovirgaureae|SH212655.06FU
OTU_276,Fungi,Basidiomycota,Agaricomycetes,Agaricales,unclassified_Agaricales,unclassified_Agaricales,unclassified_Agaricales
OTU_412,Fungi,Ascomycota,Leotiomycetes,Helotiales,Sclerotiniaceae,unclassified_Sclerotiniaceae,unclassified_Sclerotiniaceae
OTU_653,Fungi,Ascomycota,Leotiomycetes,unclassified_Leotiomycetes,unclassified_Leotiomycetes,unclassified_Leotiomycetes,unclassified_Leotiomycetes
OTU_422,Fungi,Basidiomycota,Agaricomycetes,Agaricales,Marasmiaceae,Marasmius,Marasmius_oreades|SH219757.06FU
OTU_231,Fungi,Basidiomycota,Agaricostilbomycetes,Agaricostilbales,Kondoaceae,Kondoa,Kondoa_aeria|SH232808.06FU
OTU_287,Fungi,Ascomycota,Leotiomycetes,Erysiphales,Erysiphaceae,Sawadaea,Sawadaea_bicornis|SH240006.06FU
OTU_185,Fungi,Ascomycota,Dothideomycetes,Pleosporales,Phaeosphaeriaceae,Sclerostagonospora,Sclerostagonospora_sp_CBS_118152|SH224099.06FU
OTU_466,Fungi,Ascomycota,Ascomycota_unidentified,Ascomycota_unidentified_1,Ascomycota_unidentified_1,Ascomycota_unidentified_1_1,Ascomycota_sp|SH216151.06FU
OTU_710,Fungi,Ascomycota,unclassified_Ascomycota,unclassified_Ascomycota,unclassified_Ascomycota,unclassified_Ascomycota,unclassified_Ascomycota
OTU_181,Fungi,Ascomycota,Dothideomycetes,Pleosporales,Pleosporaceae,Stemphylium,Stemphylium_sarciniforme|SH224837.06FU
OTU_478,Fungi,Ascomycota,Sordariomycetes,Xylariales,Amphisphaeriaceae,Amphisphaeriaceae_unidentified,Amphisphaeriaceae_sp|SH210428.06FU
OTU_623,Fungi,Ascomycota,Dothideomycetes,Capnodiales,unclassified_Capnodiales,unclassified_Capnodiales,unclassified_Capnodiales
OTU_404,Fungi,Ascomycota,Leotiomycetes,Helotiales,unclassified_Helotiales,unclassified_Helotiales,unclassified_Helotiales
OTU_413,Fungi,Ascomycota,unclassified_Ascomycota,unclassified_Ascomycota,unclassified_Ascomycota,unclassified_Ascomycota,unclassified_Ascomycota
OTU_348,Fungi,Ascomycota,unclassified_Ascomycota,unclassified_Ascomycota,unclassified_Ascomycota,unclassified_Ascomycota,unclassified_Ascomycota
OTU_467,Fungi,Basidiomycota,Agaricomycetes,Agaricales,Psathyrellaceae,Coprinellus,Coprinellus_pallidus|SH199667.06FU
OTU_479,Fungi,Ascomycota,Dothideomycetes,Capnodiales,Mycosphaerellaceae,unclassified_Mycosphaerellaceae,unclassified_Mycosphaerellaceae
OTU_673,Fungi,Ascomycota,Eurotiomycetes,Eurotiales,Trichocomaceae,Penicillium,Penicillium_chrysogenum|SH214177.06FU
OTU_674,Fungi,Ascomycota,Eurotiomycetes,Chaetothyriales,Herpotrichiellaceae,Herpotrichiellaceae_unidentified,Herpotrichiellaceae_sp|SH227105.06FU
OTU_119,Fungi,Ascomycota,Dothideomycetes,Pleosporales,Phaeosphaeriaceae,Phaeosphaeria,Phaeosphaeria_sp|SH227810.06FU
OTU_654,Fungi,Basidiomycota,unclassified_Basidiomycota,unclassified_Basidiomycota,unclassified_Basidiomycota,unclassified_Basidiomycota,unclassified_Basidiomycota
OTU_376,Fungi,Ascomycota,Sordariomycetes,Sordariales,Lasiosphaeriaceae,Schizothecium,Schizothecium_carpinicola|SH222039.06FU
OTU_546,Fungi,Ascomycota,unclassified_Ascomycota,unclassified_Ascomycota,unclassified_Ascomycota,unclassified_Ascomycota,unclassified_Ascomycota
OTU_566,Fungi,Ascomycota,Leotiomycetes,unclassified_Leotiomycetes,unclassified_Leotiomycetes,unclassified_Leotiomycetes,unclassified_Leotiomycetes
OTU_711,Fungi,Ascomycota,Dothideomycetes,Pleosporales,Phaeosphaeriaceae,Phaeosphaeriaceae_unidentified,unclassified_Phaeosphaeriaceae_unidentified
OTU_265,Fungi,Ascomycota,Dothideomycetes,Pleosporales,Incertae_sedis_13,Stagonosporopsis,Stagonosporopsis_tanaceti|SH202147.06FU
OTU_367,Fungi,Ascomycota,unclassified_Ascomycota,unclassified_Ascomycota,unclassified_Ascomycota,unclassified_Ascomycota,unclassified_Ascomycota
OTU_288,Fungi,Ascomycota,Lecanoromycetes,Ostropales,unclassified_Ostropales,unclassified_Ostropales,Ostropales_sp_s056
OTU_349,Fungi,Ascomycota,Lecanoromycetes,Lecanorales,Parmeliaceae,Hypotrachyna,Hypotrachyna_revoluta|SH236581.06FU
OTU_624,Fungi,Ascomycota,Leotiomycetes,Helotiales,Helotiales_unidentified,Helotiales_unidentified_1,Helotiales_sp|SH191096.06FU
OTU_468,Fungi,Ascomycota,unclassified_Ascomycota,unclassified_Ascomycota,unclassified_Ascomycota,unclassified_Ascomycota,unclassified_Ascomycota
OTU_527,Fungi,Ascomycota,Dothideomycetes,Pleosporales,Leptosphaeriaceae,Leptosphaeriaceae_unidentified,Leptosphaeriaceae_sp|SH206994.06FU
OTU_489,Fungi,Ascomycota,Dothideomycetes,Capnodiales,Mycosphaerellaceae,Mycosphaerellaceae_unidentified,Mycosphaerellaceae_sp|SH220687.06FU
OTU_596,Fungi,Basidiomycota,Agaricomycetes,Polyporales,Phanerochaetaceae,Hyphodermella,Hyphodermella_rosae|SH214759.06FU
OTU_528,Fungi,Basidiomycota,Agaricomycetes,Polyporales,Phanerochaetaceae,Byssomerulius,Byssomerulius_sp|SH205547.06FU
OTU_350,Fungi,Ascomycota,Dothideomycetes,Capnodiales,unclassified_Capnodiales,unclassified_Capnodiales,unclassified_Capnodiales
OTU_675,Fungi,Basidiomycota,Agaricomycetes,Polyporales,Polyporaceae,Polyporus,Polyporus_tuberaster|SH217209.06FU
OTU_229,Fungi,Ascomycota,unclassified_Ascomycota,unclassified_Ascomycota,unclassified_Ascomycota,unclassified_Ascomycota,unclassified_Ascomycota
OTU_318,Fungi,Ascomycota,Lecanoromycetes,Lecanorales,Parmeliaceae,Punctelia,Punctelia_borreri|SH210656.06FU
OTU_597,Fungi,Basidiomycota,Agaricomycetes,Agaricomycetes_unidentified,Agaricomycetes_unidentified_1,Agaricomycetes_unidentified_1,Agaricomycetes_sp|SH214765.06FU
OTU_625,Fungi,Basidiomycota,Agaricomycetes,Cantharellales,Hydnaceae,Sistotrema,Sistotrema_sp|SH215068.06FU
OTU_297,Fungi,Ascomycota,unclassified_Ascomycota,unclassified_Ascomycota,unclassified_Ascomycota,unclassified_Ascomycota,unclassified_Ascomycota
OTU_258,Fungi,Basidiomycota,Microbotryomycetes,Sporidiobolales,Incertae_sedis_25,Rhodotorula,Rhodotorula_nothofagi|SH223682.06FU
OTU_712,Fungi,Ascomycota,unclassified_Ascomycota,unclassified_Ascomycota,unclassified_Ascomycota,unclassified_Ascomycota,unclassified_Ascomycota
OTU_405,Fungi,Ascomycota,unclassified_Ascomycota,unclassified_Ascomycota,unclassified_Ascomycota,unclassified_Ascomycota,unclassified_Ascomycota
OTU_713,Fungi,Ascomycota,Dothideomycetes,Capnodiales,unclassified_Capnodiales,unclassified_Capnodiales,unclassified_Capnodiales
OTU_194,Fungi,Ascomycota,Ascomycota_unidentified,Ascomycota_unidentified_1,Ascomycota_unidentified_1,Ascomycota_unidentified_1_1,Ascomycota_sp|SH231237.06FU
OTU_406,Fungi,Basidiomycota,Agaricostilbomycetes,Agaricostilbales,Agaricostilbaceae,Bensingtonia,Bensingtonia_yuccicola|SH216319.06FU
OTU_319,Fungi,Ascomycota,unclassified_Ascomycota,unclassified_Ascomycota,unclassified_Ascomycota,unclassified_Ascomycota,unclassified_Ascomycota
OTU_655,Fungi,Basidiomycota,Agaricomycetes,Polyporales,Polyporales_unidentified,Polyporales_unidentified_1,Polyporales_sp|SH204864.06FU
OTU_252,Fungi,Ascomycota,Sordariomycetes,Xylariales,unclassified_Xylariales,unclassified_Xylariales,unclassified_Xylariales
OTU_210,Fungi,Ascomycota,Dothideomycetes,Pleosporales,Pleosporaceae,Pleosporaceae_unidentified,Pleosporaceae_sp|SH224805.06FU
OTU_676,Chromista,Stramenopiles,Oomycetes,Peronosporales,Peronosporaceae,Peronospora,Peronospora_sp
OTU_282,Fungi,Basidiomycota,Agaricostilbomycetes,Agaricostilbales,Agaricostilbaceae,Bensingtonia,unclassified_Bensingtonia
OTU_456,Fungi,Basidiomycota,Agaricomycetes,Russulales,Russulales_unidentified,Russulales_unidentified_1,Russulales_sp|SH234594.06FU
OTU_244,Fungi,Ascomycota,Eurotiomycetes,Chaetothyriales,Herpotrichiellaceae,Herpotrichiellaceae_unidentified,Herpotrichiellaceae_sp|SH241308.06FU
OTU_426,Fungi,Basidiomycota,Agaricomycetes,Agaricales,Marasmiaceae,Gymnopus,Gymnopus_aquosus|SH238286.06FU
OTU_289,Fungi,Zygomycota,Entomophthoromycetes,Entomophthorales,Entomophthoraceae,Entomophthora,Entomophthora_chizophorae
OTU_677,Fungi,Basidiomycota,Basidiomycota_unidentified,Basidiomycota_unidentified_1,Basidiomycota_unidentified_1,Basidiomycota_unidentified_1_1,Basidiomycota_sp|SH209801.06FU
OTU_598,Fungi,Ascomycota,Incertae_sedis_14,Incertae_sedis_15,Incertae_sedis_16,Wojnowicia,Wojnowicia_viburni|SH207003.06FU
OTU_414,Fungi,Ascomycota,unclassified_Ascomycota,unclassified_Ascomycota,unclassified_Ascomycota,unclassified_Ascomycota,unclassified_Ascomycota
OTU_131,Fungi,Ascomycota,Dothideomycetes,Pleosporales,Pleosporaceae,Pleosporaceae_unidentified,Pleosporaceae_sp|SH224819.06FU
OTU_172,Fungi,Ascomycota,Sordariomycetes,Xylariales,Amphisphaeriaceae,Amphisphaeriaceae_unidentified,Amphisphaeriaceae_sp|SH211286.06FU
OTU_678,Fungi,Ascomycota,Dothideomycetes,Dothideales,Dothideaceae,Endoconidioma,Endoconidioma_populi|SH231447.06FU
OTU_108,Fungi,Ascomycota,Sordariomycetes,Xylariales,Amphisphaeriaceae,Immersidiscosia,Immersidiscosia_eucalypti|SH203269.06FU
OTU_656,Fungi,Ascomycota,Leotiomycetes,Helotiales,Incertae_sedis_2,Tetracladium,Tetracladium_sp|SH216424.06FU
OTU_132,Fungi,Ascomycota,Sordariomycetes,Hypocreales,Nectriaceae,Fusarium,Fusarium_oxysporum|SH217297.06FU
OTU_407,Fungi,Ascomycota,Dothideomycetes,Capnodiales,Capnodiales_unidentified,Capnodiales_unidentified_1,Capnodiales_sp|SH238952.06FU
OTU_567,Fungi,Ascomycota,Dothideomycetes,Capnodiales,Mycosphaerellaceae,Uwebraunia,Uwebraunia_musae|SH197937.06FU
OTU_372,Fungi,Ascomycota,Taphrinomycetes,Taphrinales,Taphrinaceae,Taphrina,Taphrina_wiesneri|SH214913.06FU
OTU_230,Fungi,Ascomycota,Taphrinomycetes,Taphrinales,Taphrinaceae,Taphrina,Taphrina_populina|SH205319.06FU
OTU_373,Fungi,Ascomycota,Dothideomycetes,Pleosporales,Lophiostomataceae,Lophiostoma,Lophiostoma_sp|SH235594.06FU
OTU_307,Fungi,Basidiomycota,Ustilaginomycetes,Ustilaginales,Ustilaginaceae,Ustilago,Ustilago_cynodontis|SH237195.06FU
OTU_136,Fungi,Ascomycota,Dothideomycetes,Pleosporales,Pleosporaceae,Alternaria,Alternaria_metachromatica|SH224792.06FU
OTU_277,Fungi,Ascomycota,Leotiomycetes,Erysiphales,Erysiphaceae,Erysiphe,Erysiphe_platani|SH204915.06FU
OTU_568,Fungi,Basidiomycota,Agaricomycetes,Agaricomycetes_unidentified,Agaricomycetes_unidentified_1,Agaricomycetes_unidentified_1,Agaricomycetes_sp|SH229868.06FU
OTU_243,Fungi,Ascomycota,Dothideomycetes,Botryosphaeriales,Botryosphaeriaceae,Diplodia,Diplodia_allocellula|SH236108.06FU
OTU_334,Fungi,Ascomycota,Sordariomycetes,Hypocreales,Clavicipitaceae,Claviceps,Claviceps_purpurea|SH232453.06FU
OTU_195,Fungi,Ascomycota,Dothideomycetes,Dothideales,Dothioraceae,Pringsheimia,Pringsheimia_sp|SH231456.06FU
OTU_353,Fungi,Basidiomycota,Agaricomycetes,Trechisporales,Hydnodontaceae,Sistotremastrum,Sistotremastrum_guttuliferum|SH218005.06FU
OTU_150,Fungi,Ascomycota,Dothideomycetes,Pleosporales,Pleosporaceae,Cochliobolus,Cochliobolus_cynodontis|SH197546.06FU
OTU_437,Fungi,Ascomycota,Taphrinomycetes,Taphrinales,Taphrinaceae,unclassified_Taphrinaceae,unclassified_Taphrinaceae
OTU_569,Fungi,Ascomycota,Sordariomycetes,Hypocreales,Incertae_sedis_3,Sarocladium,Sarocladium_strictum|SH191575.06FU
OTU_547,Fungi,Ascomycota,Dothideomycetes,Capnodiales,Teratosphaeriaceae,Teratosphaeria,unclassified_Teratosphaeria
OTU_293,Fungi,Ascomycota,Dothideomycetes,Pleosporales,Pleosporaceae,unclassified_Pleosporaceae,unclassified_Pleosporaceae
OTU_626,Fungi,Ascomycota,Dothideomycetes,Pleosporales,Cucurbitariaceae,Curreya,Curreya_austroafricana|SH206678.06FU
OTU_226,Fungi,Basidiomycota,Microbotryomycetes,Sporidiobolales,unclassified_Sporidiobolales,unclassified_Sporidiobolales,unclassified_Sporidiobolales
OTU_245,Fungi,Basidiomycota,Ustilaginomycetes,Ustilaginales,Ustilaginaceae,Ustilago,Ustilago_longissima_var._macrospora|SH237194.06FU
OTU_529,Fungi,Ascomycota,unclassified_Ascomycota,unclassified_Ascomycota,unclassified_Ascomycota,unclassified_Ascomycota,unclassified_Ascomycota
OTU_149,Fungi,Ascomycota,Ascomycota_unidentified,Ascomycota_unidentified_1,Ascomycota_unidentified_1,Ascomycota_unidentified_1_1,Ascomycota_sp|SH239156.06FU
OTU_250,Fungi,Ascomycota,unclassified_Ascomycota,unclassified_Ascomycota,unclassified_Ascomycota,unclassified_Ascomycota,unclassified_Ascomycota
OTU_283,Fungi,Ascomycota,Dothideomycetes,Myriangiales,Myriangiales_unidentified,Myriangiales_unidentified_1,Myriangiales_sp|SH230159.06FU
OTU_380,Fungi,Ascomycota,Dothideomycetes,Pleosporales,Lophiostomataceae,Lophiostoma,unclassified_Lophiostoma
OTU_211,Fungi,Fungi_unidentified,Fungi_unidentified_1,Fungi_unidentified_1,Fungi_unidentified_1_1,Fungi_unidentified_1_1,Fungi_sp|SH241790.06FU
OTU_503,Fungi,Ascomycota,Dothideomycetes,Dothideomycetes_unidentified,Dothideomycetes_unidentified_1,Dothideomycetes_unidentified_1,Dothideomycetes_sp|SH223834.06FU
OTU_381,Fungi,Ascomycota,unclassified_Ascomycota,unclassified_Ascomycota,unclassified_Ascomycota,unclassified_Ascomycota,unclassified_Ascomycota
OTU_530,Fungi,Ascomycota,Dothideomycetes,Dothideales,Dothioraceae,unclassified_Dothioraceae,unclassified_Dothioraceae
OTU_531,Fungi,Basidiomycota,unclassified_Basidiomycota,unclassified_Basidiomycota,unclassified_Basidiomycota,unclassified_Basidiomycota,unclassified_Basidiomycota
OTU_469,Fungi,Ascomycota,Dothideomycetes,Pleosporales,Incertae_sedis_13,Letendraea,Letendraea_sp|SH203350.06FU
OTU_627,Fungi,Ascomycota,Eurotiomycetes,Chaetothyriales,Herpotrichiellaceae,Exophiala,Exophiala_eucalyptorum|SH210958.06FU
OTU_266,Fungi,Ascomycota,Incertae_sedis_14,Incertae_sedis_15,Incertae_sedis_16,Chaetosphaeronema,unclassified_Chaetosphaeronema
OTU_583,Fungi,Basidiomycota,Agaricomycetes,Agaricales,Psathyrellaceae,Coprinopsis,Coprinopsis_pachyderma|SH229015.06FU
OTU_184,Fungi,Ascomycota,Dothideomycetes,Pleosporales,Leptosphaeriaceae,Leptosphaeria,Leptosphaeria_sp|SH207022.06FU
OTU_303,Fungi,Ascomycota,unclassified_Ascomycota,unclassified_Ascomycota,unclassified_Ascomycota,unclassified_Ascomycota,unclassified_Ascomycota
OTU_447,Fungi,Basidiomycota,Agaricomycetes,Agaricomycetes_unidentified,Agaricomycetes_unidentified_1,Agaricomycetes_unidentified_1,Agaricomycetes_sp|SH239394.06FU
OTU_657,Fungi,Ascomycota,Eurotiomycetes,Chaetothyriales,unclassified_Chaetothyriales,unclassified_Chaetothyriales,unclassified_Chaetothyriales
OTU_470,Fungi,Basidiomycota,Agaricomycetes,Thelephorales,Thelephoraceae,Thelephoraceae_unidentified,Thelephoraceae_sp|SH195956.06FU
OTU_377,Fungi,Ascomycota,Dothideomycetes,Dothideomycetes_unidentified,Dothideomycetes_unidentified_1,Dothideomycetes_unidentified_1,Dothideomycetes_sp|SH223834.06FU
OTU_162,Fungi,Ascomycota,Eurotiomycetes,Chaetothyriales,Herpotrichiellaceae,Herpotrichiellaceae_unidentified,Herpotrichiellaceae_sp|SH209744.06FU
OTU_315,Fungi,Basidiomycota,Agaricomycetes,Cantharellales,Clavulinaceae,Clavulina,Clavulina_sp|SH199924.06FU
OTU_548,Fungi,Ascomycota,Dothideomycetes,Pleosporales,Massarinaceae,Massarina,Massarina_sp|SH229343.06FU
OTU_246,Fungi,Ascomycota,unclassified_Ascomycota,unclassified_Ascomycota,unclassified_Ascomycota,unclassified_Ascomycota,unclassified_Ascomycota
OTU_327,Fungi,Ascomycota,Taphrinomycetes,Taphrinales,Taphrinaceae,Taphrina,unclassified_Taphrina
OTU_679,Fungi,Ascomycota,Dothideomycetes,Dothideales,unclassified_Dothideales,unclassified_Dothideales,unclassified_Dothideales
OTU_290,Fungi,Basidiomycota,Basidiomycota_unidentified,Basidiomycota_unidentified_1,Basidiomycota_unidentified_1,Basidiomycota_unidentified_1_1,Basidiomycota_sp|SH196706.06FU
OTU_335,Fungi,Fungi_unidentified,Fungi_unidentified_1,Fungi_unidentified_1,Fungi_unidentified_1_1,Fungi_unidentified_1_1,Fungi_sp|SH241790.06FU
OTU_680,Fungi,Basidiomycota,Basidiomycota_unidentified,Basidiomycota_unidentified_1,Basidiomycota_unidentified_1,Basidiomycota_unidentified_1_1,Basidiomycota_sp|SH208480.06FU
OTU_308,Fungi,Basidiomycota,Microbotryomycetes,Sporidiobolales,Incertae_sedis_25,unclassified_Incertae_sedis_25,unclassified_Incertae_sedis_25
OTU_681,Fungi,Basidiomycota,Agaricomycetes,Cantharellales,Ceratobasidiaceae,Ceratobasidium,Ceratobasidium_sp_FPUB_156|SH195846.06FU
OTU_354,Fungi,Ascomycota,Dothideomycetes,Dothideales,Dothideaceae,Endoconidioma,Endoconidioma_populi|SH231447.06FU
OTU_336,Fungi,Basidiomycota,Agaricomycetes,Cantharellales,Hydnaceae,Sistotrema,Sistotrema_sp|SH221177.06FU
OTU_517,Fungi,Ascomycota,Dothideomycetes,Capnodiales,Capnodiales_unidentified,Capnodiales_unidentified_1,Capnodiales_sp|SH238941.06FU
OTU_438,Fungi,Ascomycota,unclassified_Ascomycota,unclassified_Ascomycota,unclassified_Ascomycota,unclassified_Ascomycota,unclassified_Ascomycota
OTU_361,Fungi,Basidiomycota,Microbotryomycetes,Sporidiobolales,Incertae_sedis_25,Rhodotorula,Rhodotorula_armeniaca|SH227560.06FU
OTU_628,Fungi,Ascomycota,unclassified_Ascomycota,unclassified_Ascomycota,unclassified_Ascomycota,unclassified_Ascomycota,unclassified_Ascomycota
OTU_549,Fungi,Basidiomycota,unclassified_Basidiomycota,unclassified_Basidiomycota,unclassified_Basidiomycota,unclassified_Basidiomycota,unclassified_Basidiomycota
OTU_382,Fungi,Basidiomycota,Tremellomycetes,Tremellales,Incertae_sedis_12,Cryptococcus_1,Cryptococcus_victoriae|SH198055.06FU
OTU_133,Fungi,Ascomycota,Taphrinomycetes,Taphrinales,Taphrinaceae,Taphrina,Taphrina_sadebeckii|SH219276.06FU
OTU_599,Fungi,Basidiomycota,Agaricomycetes,Polyporales,Polyporaceae,Trametes,Trametes_versicolor|SH236970.06FU
OTU_658,Fungi,Basidiomycota,Agaricomycetes,Atheliales,Atheliales_unidentified,Atheliales_unidentified_1,Atheliales_sp|SH232732.06FU
OTU_234,Fungi,Basidiomycota,Incertae_sedis_4,Malasseziales,Incertae_sedis_5,Malassezia,Malassezia_restricta|SH206219.06FU
OTU_298,Fungi,Basidiomycota,unclassified_Basidiomycota,unclassified_Basidiomycota,unclassified_Basidiomycota,unclassified_Basidiomycota,unclassified_Basidiomycota
OTU_600,Fungi,Basidiomycota,Agaricomycetes,Cantharellales,Ceratobasidiaceae,Ceratobasidiaceae_unidentified,Ceratobasidiaceae_sp|SH208783.06FU
OTU_480,Fungi,Basidiomycota,Microbotryomycetes,Sporidiobolales,Incertae_sedis_25,Rhodotorula,Rhodotorula_sp_3_23T|SH227562.06FU
OTU_309,Fungi,Ascomycota,Dothideomycetes,Dothideomycetes_unidentified,Dothideomycetes_unidentified_1,Dothideomycetes_unidentified_1,Dothideomycetes_sp|SH196053.06FU
OTU_714,Fungi,Ascomycota,Sordariomycetes,Phyllachorales,Phyllachoraceae,Phyllachoraceae_unidentified,Phyllachoraceae_sp|SH216940.06FU
OTU_601,Fungi,Ascomycota,unclassified_Ascomycota,unclassified_Ascomycota,unclassified_Ascomycota,unclassified_Ascomycota,unclassified_Ascomycota
OTU_457,Fungi,Zygomycota,Entomophthoromycetes,Entomophthorales,Entomophthoraceae,Entomophthora,Entomophthora_sp
OTU_344,Fungi,Ascomycota,unclassified_Ascomycota,unclassified_Ascomycota,unclassified_Ascomycota,unclassified_Ascomycota,unclassified_Ascomycota
OTU_427,Fungi,Ascomycota,Dothideomycetes,Pleosporales,Phaeosphaeriaceae,Phaeosphaeriaceae_unidentified,Phaeosphaeriaceae_sp|SH199980.06FU
OTU_682,Fungi,Ascomycota,Dothideomycetes,Dothideales,Incertae_sedis_22,Celosporium,Celosporium_sp|SH231451.06FU
OTU_683,Fungi,Ascomycota,unclassified_Ascomycota,unclassified_Ascomycota,unclassified_Ascomycota,unclassified_Ascomycota,unclassified_Ascomycota
OTU_504,Fungi,Ascomycota,Leotiomycetes,Helotiales,Helotiales_unidentified,Helotiales_unidentified_1,Helotiales_sp|SH203832.06FU
OTU_684,Fungi,Ascomycota,Dothideomycetes,Capnodiales,Teratosphaeriaceae,Catenulostroma,Catenulostroma_hermanusense|SH238955.06FU
OTU_518,Fungi,Ascomycota,Dothideomycetes,Capnodiales,unclassified_Capnodiales,unclassified_Capnodiales,unclassified_Capnodiales
OTU_175,Fungi,Ascomycota,unclassified_Ascomycota,unclassified_Ascomycota,unclassified_Ascomycota,unclassified_Ascomycota,unclassified_Ascomycota
OTU_328,Fungi,Ascomycota,Dothideomycetes,Pleosporales,Lophiostomataceae,Lophiostoma,Lophiostoma_fuckelii|SH237048.06FU
OTU_310,Fungi,Ascomycota,Dothideomycetes,unclassified_Dothideomycetes,unclassified_Dothideomycetes,unclassified_Dothideomycetes,unclassified_Dothideomycetes
OTU_89,Fungi,Ascomycota,Sordariomycetes,Xylariales,Amphisphaeriaceae,unclassified_Amphisphaeriaceae,unclassified_Amphisphaeriaceae
OTU_659,Fungi,Basidiomycota,Tremellomycetes,Tremellomycetes_unidentified,Tremellomycetes_unidentified_1,Tremellomycetes_unidentified_1,Tremellomycetes_sp|SH213828.06FU
OTU_428,Fungi,Basidiomycota,Microbotryomycetes,Sporidiobolales,Incertae_sedis_25,Sporobolomyces,unclassified_Sporobolomyces
OTU_602,Fungi,Ascomycota,Sordariomycetes,Xylariales,Amphisphaeriaceae,unclassified_Amphisphaeriaceae,unclassified_Amphisphaeriaceae
OTU_448,Fungi,Basidiomycota,Exobasidiomycetes,Entylomatales,Entylomatales_unidentified,Entylomatales_unidentified_1,Entylomatales_sp|SH228439.06FU
OTU_481,Fungi,Ascomycota,Dothideomycetes,Pleosporales,Cucurbitariaceae,Pyrenochaetopsis,Pyrenochaetopsis_leptospora|SH196230.06FU
OTU_550,Fungi,Basidiomycota,Agaricomycetes,Russulales,Peniophoraceae,Peniophora,Peniophora_sp_JY_035|SH234595.06FU
OTU_629,Fungi,Ascomycota,Dothideomycetes,unclassified_Dothideomycetes,unclassified_Dothideomycetes,unclassified_Dothideomycetes,unclassified_Dothideomycetes
OTU_519,Fungi,Ascomycota,Dothideomycetes,Pleosporales,Pleosporales_unidentified,Pleosporales_unidentified_1,Pleosporales_sp|SH222875.06FU
OTU_355,Fungi,Ascomycota,Eurotiomycetes,Chaetothyriales,Herpotrichiellaceae,Exophiala,Exophiala_eucalyptorum|SH210958.06FU
OTU_520,Fungi,Ascomycota,Dothideomycetes,Myriangiales,Myriangiales_unidentified,Myriangiales_unidentified_1,Myriangiales_sp|SH230159.06FU
OTU_660,Fungi,Ascomycota,Dothideomycetes,Capnodiales,Mycosphaerellaceae,Mycosphaerellaceae_unidentified,Mycosphaerellaceae_sp|SH196752.06FU
OTU_143,Fungi,Ascomycota,Dothideomycetes,Pleosporales,Pleosporaceae,Embellisia,Embellisia_planifunda|SH224790.06FU
OTU_262,Fungi,Ascomycota,Incertae_sedis_14,Incertae_sedis_15,Incertae_sedis_16,Chaetosphaeronema,Chaetosphaeronema_sp|SH231242.06FU
OTU_551,Fungi,Ascomycota,Ascomycota_unidentified,Ascomycota_unidentified_1,Ascomycota_unidentified_1,Ascomycota_unidentified_1_1,Ascomycota_sp|SH216151.06FU
OTU_715,Fungi,Ascomycota,Dothideomycetes,Capnodiales,Neodevriesiaceae,Neodevriesia,Neodevriesia_knoxdaviesii
OTU_661,Fungi,Ascomycota,Taphrinomycetes,Taphrinales,Taphrinaceae,Taphrina,Taphrina_tosquinetii|SH219278.06FU
OTU_630,Fungi,Ascomycota,Dothideomycetes,Pleosporales,Pleosporales_unidentified,Pleosporales_unidentified_1,Pleosporales_sp|SH217121.06FU
OTU_716,Fungi,Basidiomycota,Agaricomycetes,Agaricales,Psathyrellaceae,Coprinellus,Coprinellus_pallidus|SH199667.06FU
OTU_329,Fungi,Basidiomycota,Microbotryomycetes,Sporidiobolales,Incertae_sedis_25,Rhodotorula,unclassified_Rhodotorula
OTU_552,Fungi,Basidiomycota,Ustilaginomycetes,Urocystidales,Urocystidaceae,Urocystis,Urocystis_agropyri|SH203439.06FU
OTU_374,Fungi,Ascomycota,Dothideomycetes,Pleosporales,Incertae_sedis_13,Periconia,Periconia_sp_CY137|SH232019.06FU
OTU_439,Fungi,Basidiomycota,Basidiomycota_unidentified,Basidiomycota_unidentified_1,Basidiomycota_unidentified_1,Basidiomycota_unidentified_1_1,Basidiomycota_sp|SH196706.06FU
OTU_570,Fungi,Basidiomycota,Tremellomycetes,Tremellales,Incertae_sedis_12,Cryptococcus_1,unclassified_Cryptococcus_1
OTU_362,Fungi,Ascomycota,Leotiomycetes,unclassified_Leotiomycetes,unclassified_Leotiomycetes,unclassified_Leotiomycetes,unclassified_Leotiomycetes
OTU_429,Fungi,Basidiomycota,Agaricomycetes,Trechisporales,Hydnodontaceae,Trechispora,Trechispora_sp|SH203290.06FU
OTU_471,Fungi,Basidiomycota,Microbotryomycetes,Sporidiobolales,Incertae_sedis_25,Sporobolomyces,Sporobolomyces_oryzicola|SH215231.06FU
OTU_571,Fungi,Fungi_unidentified,Fungi_unidentified_1,Fungi_unidentified_1,Fungi_unidentified_1_1,Fungi_unidentified_1_1,Fungi_sp|SH189980.06FU
OTU_717,Fungi,Ascomycota,Dothideomycetes,Pleosporales,Pleosporales_unidentified,Pleosporales_unidentified_1,Pleosporales_sp|SH203352.06FU
OTU_284,Fungi,Basidiomycota,Agaricomycetes,Agaricales,Psathyrellaceae,Parasola,Parasola_leiocephala|SH193274.06FU
OTU_482,Fungi,Ascomycota,Lecanoromycetes,Ostropales,Stictidaceae,Stictidaceae_unidentified,Stictidaceae_sp|SH221679.06FU
OTU_532,Fungi,Ascomycota,Dothideomycetes,Capnodiales,Teratosphaeriaceae,Devriesia,Devriesia_sp|SH195036.06FU
OTU_84,Fungi,Ascomycota,Ascomycota_unidentified,Ascomycota_unidentified_1,Ascomycota_unidentified_1,Ascomycota_unidentified_1_1,Ascomycota_sp|SH236035.06FU
OTU_662,Fungi,Chytridiomycota,Chytridiomycota_unidentified,Chytridiomycota_unidentified_1,Chytridiomycota_unidentified_1,Chytridiomycota_unidentified_1_1,Chytridiomycota_sp|SH229534.06FU
OTU_505,Fungi,Ascomycota,Sordariomycetes,Xylariales,Xylariaceae,Daldinia,Daldinia_concentrica|SH224036.06FU
OTU_423,Fungi,Ascomycota,Ascomycota_unidentified,Ascomycota_unidentified_1,Ascomycota_unidentified_1,Ascomycota_unidentified_1_1,Ascomycota_sp|SH206984.06FU
OTU_202,Fungi,Ascomycota,Dothideomycetes,Pleosporales,unclassified_Pleosporales,unclassified_Pleosporales,unclassified_Pleosporales
OTU_490,Fungi,Ascomycota,unclassified_Ascomycota,unclassified_Ascomycota,unclassified_Ascomycota,unclassified_Ascomycota,unclassified_Ascomycota
OTU_584,Fungi,Basidiomycota,unclassified_Basidiomycota,unclassified_Basidiomycota,unclassified_Basidiomycota,unclassified_Basidiomycota,unclassified_Basidiomycota
OTU_491,Fungi,Basidiomycota,Ustilaginomycetes,Ustilaginales,Ustilaginales_unidentified,Ustilaginales_unidentified_1,Ustilaginales_sp|SH237971.06FU
OTU_685,Fungi,Basidiomycota,Agaricomycetes,Polyporales,Polyporaceae,unclassified_Polyporaceae,unclassified_Polyporaceae
OTU_449,Fungi,Ascomycota,Dothideomycetes,Capnodiales,Incertae_sedis_17,Rachicladosporium,unclassified_Rachicladosporium
OTU_686,Fungi,Ascomycota,unclassified_Ascomycota,unclassified_Ascomycota,unclassified_Ascomycota,unclassified_Ascomycota,unclassified_Ascomycota
OTU_603,Fungi,Ascomycota,unclassified_Ascomycota,unclassified_Ascomycota,unclassified_Ascomycota,unclassified_Ascomycota,unclassified_Ascomycota
OTU_299,Fungi,Ascomycota,unclassified_Ascomycota,unclassified_Ascomycota,unclassified_Ascomycota,unclassified_Ascomycota,unclassified_Ascomycota
OTU_687,Fungi,Ascomycota,Dothideomycetes,unclassified_Dothideomycetes,unclassified_Dothideomycetes,unclassified_Dothideomycetes,unclassified_Dothideomycetes
OTU_263,Fungi,Ascomycota,Sordariomycetes,Sordariomycetes_unidentified,Sordariomycetes_unidentified_1,Sordariomycetes_unidentified_1,unclassified_Sordariomycetes_unidentified_1
OTU_663,Fungi,Ascomycota,unclassified_Ascomycota,unclassified_Ascomycota,unclassified_Ascomycota,unclassified_Ascomycota,unclassified_Ascomycota
OTU_280,Fungi,Ascomycota,Sordariomycetes,unclassified_Sordariomycetes,unclassified_Sordariomycetes,unclassified_Sordariomycetes,unclassified_Sordariomycetes
OTU_351,Fungi,Ascomycota,Dothideomycetes,Capnodiales,unclassified_Capnodiales,unclassified_Capnodiales,unclassified_Capnodiales
OTU_631,Fungi,Ascomycota,Sordariomycetes,Sordariomycetes_unidentified,Sordariomycetes_unidentified_1,Sordariomycetes_unidentified_1,Sordariomycetes_sp|SH212157.06FU
OTU_553,Fungi,Basidiomycota,Agaricomycetes,unclassified_Agaricomycetes,unclassified_Agaricomycetes,unclassified_Agaricomycetes,unclassified_Agaricomycetes
OTU_688,Fungi,Ascomycota,Sordariomycetes,Sordariomycetes_unidentified,Sordariomycetes_unidentified_1,Sordariomycetes_unidentified_1,unclassified_Sordariomycetes_unidentified_1
OTU_585,Fungi,Basidiomycota,Agaricomycetes,Agaricomycetes_unidentified,Agaricomycetes_unidentified_1,Agaricomycetes_unidentified_1,Agaricomycetes_sp|SH228455.06FU
OTU_219,Fungi,Ascomycota,Dothideomycetes,Pleosporales,Pleosporaceae,Pleosporaceae_unidentified,unclassified_Pleosporaceae_unidentified
OTU_352,Fungi,Ascomycota,Ascomycota_unidentified,Ascomycota_unidentified_1,Ascomycota_unidentified_1,Ascomycota_unidentified_1_1,Ascomycota_sp|SH238463.06FU
OTU_330,Fungi,Ascomycota,Dothideomycetes,Capnodiales,Mycosphaerellaceae,unclassified_Mycosphaerellaceae,unclassified_Mycosphaerellaceae
OTU_506,Fungi,Ascomycota,Dothideomycetes,unclassified_Dothideomycetes,unclassified_Dothideomycetes,unclassified_Dothideomycetes,unclassified_Dothideomycetes
OTU_632,Fungi,Ascomycota,Sordariomycetes,Xylariales,unclassified_Xylariales,unclassified_Xylariales,unclassified_Xylariales
OTU_604,Fungi,Ascomycota,Leotiomycetes,Helotiales,Hyaloscyphaceae,unclassified_Hyaloscyphaceae,unclassified_Hyaloscyphaceae
OTU_533,Fungi,Basidiomycota,Agaricomycetes,Agaricales,Agaricales_unidentified,Agaricales_unidentified_1,Agaricales_sp|SH238712.06FU
OTU_534,Fungi,Ascomycota,Dothideomycetes,Pleosporales,unclassified_Pleosporales,unclassified_Pleosporales,unclassified_Pleosporales
OTU_718,Fungi,Basidiomycota,Agaricomycetes,Cantharellales,Ceratobasidiaceae,unclassified_Ceratobasidiaceae,unclassified_Ceratobasidiaceae
OTU_492,Fungi,Basidiomycota,Agaricomycetes,Russulales,Russulales_unidentified,Russulales_unidentified_1,Russulales_sp|SH234594.06FU
OTU_383,Fungi,Basidiomycota,Tremellomycetes,Cystofilobasidiales,Cystofilobasidiales_unidentified,Cystofilobasidiales_unidentified_1,Cystofilobasidiales_sp|SH215230.06FU
OTU_572,Fungi,Basidiomycota,Microbotryomycetes,Sporidiobolales,Incertae_sedis_25,Sporobolomyces,Sporobolomyces_gracilis|SH227546.06FU
OTU_458,Fungi,Ascomycota,Dothideomycetes,Pleosporales,Pleosporales_unidentified,Pleosporales_unidentified_1,Pleosporales_sp|SH217121.06FU
OTU_586,Fungi,Ascomycota,unclassified_Ascomycota,unclassified_Ascomycota,unclassified_Ascomycota,unclassified_Ascomycota,unclassified_Ascomycota
OTU_368,Fungi,Basidiomycota,Agaricomycetes,Russulales,Russulaceae,unclassified_russuloid_isolate_BB1,russuloid_isolate_BB1
OTU_719,Fungi,Ascomycota,Dothideomycetes,Pleosporales,Pleosporaceae,unclassified_Pleosporaceae,unclassified_Pleosporaceae
OTU_214,Fungi,Ascomycota,Ascomycota_unidentified,Ascomycota_unidentified_1,Ascomycota_unidentified_1,Ascomycota_unidentified_1_1,Ascomycota_sp|SH217298.06FU
OTU_375,Fungi,Basidiomycota,Agaricomycetes,Agaricales,Marasmiaceae,Gymnopus,Gymnopus_dryophilus|SH238285.06FU
OTU_633,Fungi,Basidiomycota,Microbotryomycetes,Sporidiobolales,Incertae_sedis_25,Sporobolomyces,Sporobolomyces_gracilis|SH227546.06FU
OTU_459,Fungi,Ascomycota,Dothideomycetes,Pleosporales,Pleosporales_unidentified,Pleosporales_unidentified_1,Pleosporales_sp|SH223805.06FU
OTU_605,Fungi,Ascomycota,Dothideomycetes,Pleosporales,Incertae_sedis_13,Phoma,unclassified_Phoma
OTU_240,Fungi,Basidiomycota,Tremellomycetes,Filobasidiales,Filobasidiaceae,Cryptococcus,Cryptococcus_chernovii|SH216501.06FU
OTU_720,Fungi,Ascomycota,Lecanoromycetes,Acarosporales,Acarosporaceae,Acarospora,unclassified_Acarospora
OTU_267,Fungi,Ascomycota,Ascomycota_unidentified,Ascomycota_unidentified_1,Ascomycota_unidentified_1,Ascomycota_unidentified_1_1,Ascomycota_sp|SH216928.06FU
OTU_573,Fungi,Ascomycota,Eurotiomycetes,Eurotiales,Trichocomaceae,Aspergillus,Aspergillus_cibarius|SH236881.06FU
OTU_384,Fungi,Basidiomycota,Agaricomycetes,Boletales,Tapinellaceae,Tapinella,Tapinella_atrotomentosa|SH238749.06FU
OTU_689,Fungi,Ascomycota,unclassified_Ascomycota,unclassified_Ascomycota,unclassified_Ascomycota,unclassified_Ascomycota,unclassified_Ascomycota
OTU_424,Fungi,Ascomycota,Sordariomycetes,Sordariomycetes_unidentified,Sordariomycetes_unidentified_1,Sordariomycetes_unidentified_1,Sordariomycetes_sp|SH233630.06FU
OTU_259,Fungi,Ascomycota,unclassified_Ascomycota,unclassified_Ascomycota,unclassified_Ascomycota,unclassified_Ascomycota,unclassified_Ascomycota
OTU_535,Fungi,Ascomycota,Ascomycota_unidentified,Ascomycota_unidentified_1,Ascomycota_unidentified_1,Ascomycota_unidentified_1_1,unclassified_Ascomycota_unidentified_1_1
OTU_472,Fungi,Basidiomycota,Agaricomycetes,Agaricales,Psathyrellaceae,Coprinopsis,Coprinopsis_radiata|SH229035.06FU
OTU_634,Fungi,Ascomycota,Dothideomycetes,Dothideales,Dothioraceae,unclassified_Dothioraceae,unclassified_Dothioraceae
OTU_205,Fungi,Ascomycota,Dothideomycetes,Pleosporales,Pleosporaceae,unclassified_Pleosporaceae,unclassified_Pleosporaceae
OTU_264,Chromista,Stramenopiles,Oomycetes,Peronosporales,Pythiaceae,Phytophthora,Phytophthora_sp
OTU_574,Fungi,Ascomycota,Taphrinomycetes,Taphrinales,Taphrinaceae,Taphrina,Taphrina_wiesneri|SH214913.06FU
OTU_635,Fungi,Ascomycota,unclassified_Ascomycota,unclassified_Ascomycota,unclassified_Ascomycota,unclassified_Ascomycota,unclassified_Ascomycota
OTU_606,Fungi,Ascomycota,Dothideomycetes,Pleosporales,Phaeosphaeriaceae,unclassified_Phaeosphaeriaceae,unclassified_Phaeosphaeriaceae
OTU_607,Fungi,Ascomycota,unclassified_Ascomycota,unclassified_Ascomycota,unclassified_Ascomycota,unclassified_Ascomycota,unclassified_Ascomycota
OTU_163,Fungi,Ascomycota,Dothideomycetes,Pleosporales,Pleosporaceae,Alternaria,Alternaria_solani|SH224793.06FU
OTU_304,Fungi,Ascomycota,Sordariomycetes,Incertae_sedis_7,Incertae_sedis_31,Cryptovalsa,Cryptovalsa_ampelina|SH209811.06FU
OTU_227,Fungi,Ascomycota,Leotiomycetes,Helotiales,unclassified_Helotiales,unclassified_Helotiales,unclassified_Helotiales
OTU_664,Fungi,Ascomycota,Dothideomycetes,Botryosphaeriales,Botryosphaeriaceae,Phyllosticta,unclassified_Phyllosticta
OTU_311,Fungi,Basidiomycota,Tremellomycetes,Tremellales,Incertae_sedis_12,Dioszegia,Dioszegia_catarinonii|SH196960.06FU
OTU_473,Fungi,Basidiomycota,Agaricomycetes,Cantharellales,Botryobasidiaceae,Botryobasidium,Botryobasidium_subcoronatum|SH218722.06FU
OTU_690,Fungi,Ascomycota,Dothideomycetes,Pleosporales,Incertae_sedis_13,Phoma,Phoma_sp|SH206990.06FU
OTU_587,Fungi,Ascomycota,unclassified_Ascomycota,unclassified_Ascomycota,unclassified_Ascomycota,unclassified_Ascomycota,unclassified_Ascomycota
OTU_316,Fungi,Ascomycota,Dothideomycetes,Capnodiales,Davidiellaceae,Davidiella,Davidiella_tassiana|SH196750.06FU
OTU_507,Fungi,Basidiomycota,Agaricomycetes,Agaricales,unclassified_Agaricales,unclassified_Agaricales,unclassified_Agaricales
OTU_408,Fungi,Ascomycota,unclassified_Ascomycota,unclassified_Ascomycota,unclassified_Ascomycota,unclassified_Ascomycota,unclassified_Ascomycota
OTU_721,Chromista,Stramenopiles,Oomycetes,Peronosporales,Peronosporaceae,Peronospora,Peronospora_sp
OTU_474,Fungi,Basidiomycota,Agaricomycetes,Agaricomycetes_unidentified,Agaricomycetes_unidentified_1,Agaricomycetes_unidentified_1,Agaricomycetes_sp|SH239394.06FU
OTU_508,Fungi,Ascomycota,Eurotiomycetes,Chaetothyriales,Herpotrichiellaceae,unclassified_Herpotrichiellaceae,unclassified_Herpotrichiellaceae
OTU_493,Fungi,Ascomycota,Dothideomycetes,Pleosporales,Pleosporaceae,Embellisia,Embellisia_planifunda|SH224790.06FU
OTU_722,Fungi,Basidiomycota,Agaricomycetes,Polyporales,Meruliaceae,Phlebia,Phlebia_acerina|SH203980.06FU
OTU_369,Fungi,Basidiomycota,Agaricomycetes,Agaricales,Marasmiaceae,Rhodocollybia,Rhodocollybia_butyracea|SH190159.06FU
OTU_536,Fungi,Ascomycota,Leotiomycetes,Helotiales,Helotiales_unidentified,Helotiales_unidentified_1,Helotiales_sp|SH191096.06FU
OTU_494,Fungi,Fungi_unidentified,Fungi_unidentified_1,Fungi_unidentified_1,Fungi_unidentified_1_1,Fungi_unidentified_1_1,Fungi_sp|SH213113.06FU
OTU_636,Fungi,Ascomycota,Dothideomycetes,Capnodiales,Mycosphaerellaceae,unclassified_Mycosphaerellaceae,unclassified_Mycosphaerellaceae
OTU_415,Chromista,Stramenopiles,Oomycetes,Peronosporales,Peronosporaceae,Peronospora,Peronospora_sp
OTU_416,Fungi,Ascomycota,Dothideomycetes,Dothideomycetes_unidentified,Dothideomycetes_unidentified_1,Dothideomycetes_unidentified_1,Dothideomycetes_sp|SH240070.06FU
OTU_554,Fungi,Ascomycota,Dothideomycetes,Dothideomycetes_unidentified,Dothideomycetes_unidentified_1,Dothideomycetes_unidentified_1,Dothideomycetes_sp|SH196053.06FU
OTU_341,Fungi,Basidiomycota,Agaricomycetes,Agaricales,unclassified_Agaricales,unclassified_Agaricales,unclassified_Agaricales
OTU_637,Fungi,Basidiomycota,unclassified_Basidiomycota,unclassified_Basidiomycota,unclassified_Basidiomycota,unclassified_Basidiomycota,unclassified_Basidiomycota
OTU_440,Fungi,Basidiomycota,unclassified_Basidiomycota,unclassified_Basidiomycota,unclassified_Basidiomycota,unclassified_Basidiomycota,unclassified_Basidiomycota
OTU_638,Fungi,Basidiomycota,Tremellomycetes,Tremellales,Incertae_sedis_12,Cryptococcus_1,Cryptococcus_pinus|SH225238.06FU
OTU_495,Fungi,Ascomycota,Dothideomycetes,Capnodiales,Davidiellaceae,Davidiella,Davidiella_tassiana|SH196750.06FU
OTU_691,Fungi,Ascomycota,Leotiomycetes,Helotiales,Hyaloscyphaceae,Arachnopeziza,Arachnopeziza_sp|SH230019.06FU
OTU_199,Fungi,Ascomycota,Dothideomycetes,Pleosporales,Pleosporaceae,Pleosporaceae_unidentified,Pleosporaceae_sp|SH224728.06FU
OTU_608,Fungi,Ascomycota,Dothideomycetes,Dothideomycetes_unidentified,Dothideomycetes_unidentified_1,Dothideomycetes_unidentified_1,Dothideomycetes_sp|SH196053.06FU
OTU_609,Fungi,Ascomycota,Leotiomycetes,Helotiales,Incertae_sedis_2,Cadophora,Cadophora_sp|SH222314.06FU
OTU_430,Fungi,Ascomycota,Sordariomycetes,Xylariales,Amphisphaeriaceae,Monochaetia,unclassified_Monochaetia
OTU_496,Fungi,Basidiomycota,Agaricomycetes,Agaricales,Mycenaceae,Mycena,Mycena_meliigena|SH208807.06FU
OTU_723,Fungi,Basidiomycota,Agaricomycetes,Agaricales,Psathyrellaceae,Psathyrella,Psathyrella_stercoraria|SH199697.06FU
OTU_724,Fungi,Ascomycota,unclassified_Ascomycota,unclassified_Ascomycota,unclassified_Ascomycota,unclassified_Ascomycota,unclassified_Ascomycota
OTU_555,Fungi,Basidiomycota,Agaricomycetes,Agaricales,Agaricales_unidentified,Agaricales_unidentified_1,Agaricales_sp|SH208806.06FU
OTU_725,Chromista,Stramenopiles,Oomycetes,Peronosporales,Peronosporaceae,Hyaloperonospora,Hyaloperonospora_parasitica
OTU_575,Fungi,Ascomycota,Dothideomycetes,Pleosporales,Pleosporaceae,Pleosporaceae_unidentified,Pleosporaceae_sp|SH224795.06FU
OTU_726,Fungi,Ascomycota,Dothideomycetes,unclassified_Dothideomycetes,unclassified_Dothideomycetes,unclassified_Dothideomycetes,unclassified_Dothideomycetes
OTU_179,Fungi,Ascomycota,Sordariomycetes,Trichosphaeriales,Incertae_sedis_26,Incertae_sedis_26_unidentified,Trichosphaeriales_sp|SH237073.06FU
OTU_174,Fungi,Ascomycota,unclassified_Ascomycota,unclassified_Ascomycota,unclassified_Ascomycota,unclassified_Ascomycota,unclassified_Ascomycota
OTU_431,Fungi,Ascomycota,Leotiomycetes,Helotiales,Incertae_sedis_2,unclassified_Incertae_sedis_2,unclassified_Incertae_sedis_2
OTU_509,Fungi,Ascomycota,Dothideomycetes,Pleosporales,Sporormiaceae,Preussia,Preussia_minima|SH190476.06FU
OTU_692,Fungi,Ascomycota,unclassified_Ascomycota,unclassified_Ascomycota,unclassified_Ascomycota,unclassified_Ascomycota,unclassified_Ascomycota
OTU_639,Fungi,Ascomycota,Eurotiomycetes,Chaetothyriales,Herpotrichiellaceae,Herpotrichiellaceae_unidentified,Herpotrichiellaceae_sp|SH241308.06FU
OTU_693,Fungi,Ascomycota,unclassified_Ascomycota,unclassified_Ascomycota,unclassified_Ascomycota,unclassified_Ascomycota,unclassified_Ascomycota
OTU_640,Fungi,Basidiomycota,Agaricomycetes,unclassified_Agaricomycetes,unclassified_Agaricomycetes,unclassified_Agaricomycetes,unclassified_Agaricomycetes
OTU_641,Fungi,Ascomycota,unclassified_Ascomycota,unclassified_Ascomycota,unclassified_Ascomycota,unclassified_Ascomycota,unclassified_Ascomycota
OTU_727,Fungi,Basidiomycota,Agaricomycetes,Polyporales,Fomitopsidaceae,Piptoporus,Piptoporus_betulinus|SH204868.06FU
OTU_395,Fungi,Ascomycota,Sordariomycetes,Incertae_sedis_7,Apiosporaceae,Arthrinium,Arthrinium_malaysianum|SH233379.06FU
OTU_642,Fungi,Fungi_unidentified,Fungi_unidentified_1,Fungi_unidentified_1,Fungi_unidentified_1_1,Fungi_unidentified_1_1,Fungi_sp|SH239155.06FU
OTU_425,Fungi,Ascomycota,Dothideomycetes,Incertae_sedis_8,Pseudeurotiaceae,Pseudeurotium,Pseudeurotium_hygrophilum|SH209178.06FU
OTU_409,Fungi,Basidiomycota,Exobasidiomycetes,Exobasidiomycetes_unidentified,Exobasidiomycetes_unidentified_1,Exobasidiomycetes_unidentified_1,Exobasidiomycetes_sp|SH199847.06FU
OTU_728,Fungi,Ascomycota,unclassified_Ascomycota,unclassified_Ascomycota,unclassified_Ascomycota,unclassified_Ascomycota,unclassified_Ascomycota
OTU_385,Fungi,Ascomycota,Incertae_sedis_14,Incertae_sedis_15,Incertae_sedis_16,Incertae_sedis_16_unidentified,Ascomycota_sp|SH222077.06FU
OTU_729,Fungi,Ascomycota,Dothideomycetes,Pleosporales,Montagnulaceae,Paraconiothyrium,Paraconiothyrium_variabile|SH241124.06FU
OTU_521,Fungi,Ascomycota,Sordariomycetes,Xylariales,unclassified_Xylariales,unclassified_Xylariales,unclassified_Xylariales
OTU_730,Fungi,Ascomycota,Lecanoromycetes,Lecanorales,Parmeliaceae,Melanelixia,Melanelixia_subaurifera|SH198743.06FU
OTU_232,Fungi,Ascomycota,Dothideomycetes,Pleosporales,Pleosporaceae,Stemphylium,Stemphylium_loti|SH224886.06FU
OTU_588,Fungi,Ascomycota,Ascomycota_unidentified,Ascomycota_unidentified_1,Ascomycota_unidentified_1,Ascomycota_unidentified_1_1,unclassified_Ascomycota_unidentified_1_1
OTU_694,Fungi,Ascomycota,Dothideomycetes,Mytilinidiales,Mytilinidiaceae,Pseudocamaropycnis,Pseudocamaropycnis_pini
OTU_576,Fungi,Ascomycota,Dothideomycetes,Pleosporales,unclassified_Pleosporales,unclassified_Pleosporales,unclassified_Pleosporales
OTU_556,Fungi,Ascomycota,Dothideomycetes,Dothideales,Incertae_sedis_22,Phaeocryptopus,Phaeocryptopus_gaeumannii|SH229420.06FU
OTU_475,Fungi,Basidiomycota,Tremellomycetes,Cystofilobasidiales,Cystofilobasidiaceae,Udeniomyces,Udeniomyces_puniceus|SH207896.06FU
OTU_665,Fungi,Ascomycota,Ascomycota_unidentified,Ascomycota_unidentified_1,Ascomycota_unidentified_1,Ascomycota_unidentified_1_1,Ascomycota_sp|SH199978.06FU
OTU_695,Fungi,Ascomycota,Incertae_sedis_14,Incertae_sedis_15,Incertae_sedis_16,Sclerococcum,Sclerococcum_sp|SH229736.06FU
OTU_731,Fungi,Ascomycota,Dothideomycetes,Pleosporales,Pleosporaceae,Embellisia,Embellisia_planifunda|SH224790.06FU
OTU_696,Fungi,Ascomycota,Dothideomycetes,Dothideomycetes_unidentified,Dothideomycetes_unidentified_1,Dothideomycetes_unidentified_1,Dothideomycetes_sp|SH190472.06FU
OTU_396,Fungi,Basidiomycota,Microbotryomycetes,Sporidiobolales,Incertae_sedis_25,Rhodotorula,unclassified_Rhodotorula
OTU_363,Fungi,Chytridiomycota,Chytridiomycetes,Spizellomycetales,Spizellomycetaceae,Powellomyces,Powellomyces_sp_JEL95|SH190244.06FU
OTU_320,Fungi,Ascomycota,Taphrinomycetes,Taphrinales,Taphrinaceae,unclassified_Taphrinaceae,unclassified_Taphrinaceae
OTU_321,Fungi,Basidiomycota,Microbotryomycetes,Sporidiobolales,Incertae_sedis_25,Sporobolomyces,Sporobolomyces_oryzicola|SH215231.06FU
OTU_732,Fungi,Ascomycota,Dothideomycetes,Pleosporales,Venturiaceae_1,Venturia,Venturia_aceris|SH238430.06FU
OTU_589,Fungi,Ascomycota,Ascomycota_unidentified,Ascomycota_unidentified_1,Ascomycota_unidentified_1,Ascomycota_unidentified_1_1,Ascomycota_sp|SH239156.06FU
OTU_590,Fungi,Basidiomycota,Microbotryomycetes,Sporidiobolales,Incertae_sedis_25,unclassified_Incertae_sedis_25,unclassified_Incertae_sedis_25
OTU_224,Fungi,Ascomycota,unclassified_Ascomycota,unclassified_Ascomycota,unclassified_Ascomycota,unclassified_Ascomycota,unclassified_Ascomycota
OTU_557,Fungi,Basidiomycota,Tremellomycetes,Cystofilobasidiales,Cystofilobasidiaceae,Udeniomyces,unclassified_Udeniomyces
OTU_733,Fungi,Basidiomycota,Agaricomycetes,Agaricomycetes_unidentified,Agaricomycetes_unidentified_1,Agaricomycetes_unidentified_1,Agaricomycetes_sp|SH226433.06FU
OTU_222,Fungi,Ascomycota,Sordariomycetes,Xylariales,Amphisphaeriaceae,Morinia,Morinia_longiappendiculata|SH211288.06FU
OTU_666,Fungi,Ascomycota,Dothideomycetes,Pleosporales,Incertae_sedis_13,unclassified_Incertae_sedis_13,unclassified_Incertae_sedis_13
OTU_537,Fungi,Ascomycota,unclassified_Ascomycota,unclassified_Ascomycota,unclassified_Ascomycota,unclassified_Ascomycota,unclassified_Ascomycota
OTU_356,Fungi,Ascomycota,Dothideomycetes,Dothideomycetes_unidentified,Dothideomycetes_unidentified_1,Dothideomycetes_unidentified_1,Dothideomycetes_sp|SH196053.06FU
OTU_522,Fungi,Ascomycota,Incertae_sedis_14,Incertae_sedis_15,Incertae_sedis_16,Hansfordia,Hansfordia_pulvinata|SH220798.06FU
OTU_610,Fungi,Basidiomycota,Agaricomycetes,unclassified_Agaricomycetes,unclassified_Agaricomycetes,unclassified_Agaricomycetes,unclassified_Agaricomycetes
OTU_611,Fungi,Basidiomycota,Agaricomycetes,Agaricales,Typhulaceae,Typhula,Typhula_maritima|SH208525.06FU
OTU_667,Fungi,Ascomycota,Leotiomycetes,Rhytismatales,Rhytismataceae,unclassified_Rhytismataceae,unclassified_Rhytismataceae
OTU_558,Fungi,Ascomycota,Sordariomycetes,Hypocreales,Ophiocordycipitaceae,unclassified_Ophiocordycipitaceae,unclassified_Ophiocordycipitaceae
OTU_538,Fungi,Ascomycota,unclassified_Ascomycota,unclassified_Ascomycota,unclassified_Ascomycota,unclassified_Ascomycota,unclassified_Ascomycota
OTU_539,Fungi,Basidiomycota,Tremellomycetes,Tremellales,Incertae_sedis_12,Cryptococcus_1,Cryptococcus_sp_TC2_092|SH226567.06FU
OTU_591,Fungi,Ascomycota,Sordariomycetes,Sordariales,Sordariaceae,Sordariaceae_unidentified,Sordariaceae_sp|SH213057.06FU
OTU_668,Fungi,Ascomycota,unclassified_Ascomycota,unclassified_Ascomycota,unclassified_Ascomycota,unclassified_Ascomycota,unclassified_Ascomycota
OTU_345,Fungi,Ascomycota,Taphrinomycetes,Taphrinales,Taphrinaceae,Taphrina,Taphrina_sp|SH211011.06FU
OTU_577,Fungi,Ascomycota,Sordariomycetes,Xylariales,Diatrypaceae,Cryptosphaeria,Cryptosphaeria_eunomia_var_eunomia|SH209827.06FU
OTU_669,Fungi,Ascomycota,Sordariomycetes,Hypocreales,Bionectriaceae,Hydropisphaera,Hydropisphaera_sp|SH235787.06FU
OTU_460,Fungi,Fungi_unidentified,Fungi_unidentified_1,Fungi_unidentified_1,Fungi_unidentified_1_1,Fungi_unidentified_1_1,Fungi_sp|SH233465.06FU
OTU_697,Fungi,Ascomycota,Ascomycota_unidentified,Ascomycota_unidentified_1,Ascomycota_unidentified_1,Ascomycota_unidentified_1_1,Ascomycota_sp|SH224125.06FU
OTU_734,Fungi,Ascomycota,Dothideomycetes,Pleosporales,Incertae_sedis_13,Periconia,unclassified_Periconia
OTU_698,Fungi,Basidiomycota,Agaricomycetes,Polyporales,Polyporaceae,Polyporus,Polyporus_sp_183_OA_2013|SH233141.06FU
OTU_483,Fungi,Ascomycota,Dothideomycetes,unclassified_Dothideomycetes,unclassified_Dothideomycetes,unclassified_Dothideomycetes,unclassified_Dothideomycetes
OTU_735,Fungi,Ascomycota,Dothideomycetes,Pleosporales,unclassified_Pleosporales,unclassified_Pleosporales,unclassified_Pleosporales
OTU_134,Fungi,Basidiomycota,Agaricomycetes,Agaricales,Agaricales_unidentified,Agaricales_unidentified_1,Agaricales_sp|SH232654.06FU
OTU_699,Fungi,Ascomycota,unclassified_Ascomycota,unclassified_Ascomycota,unclassified_Ascomycota,unclassified_Ascomycota,unclassified_Ascomycota
OTU_461,Fungi,Ascomycota,Leotiomycetes,Helotiales,unclassified_Helotiales,unclassified_Helotiales,unclassified_Helotiales
OTU_643,Fungi,Ascomycota,unclassified_Ascomycota,unclassified_Ascomycota,unclassified_Ascomycota,unclassified_Ascomycota,unclassified_Ascomycota
OTU_417,Fungi,Ascomycota,Dothideomycetes,Dothideomycetes_unidentified,Dothideomycetes_unidentified_1,Dothideomycetes_unidentified_1,Dothideomycetes_sp|SH223834.06FU
OTU_736,Fungi,Ascomycota,Dothideomycetes,Pleosporales,unclassified_Pleosporales,unclassified_Pleosporales,unclassified_Pleosporales
OTU_737,Fungi,Ascomycota,unclassified_Ascomycota,unclassified_Ascomycota,unclassified_Ascomycota,unclassified_Ascomycota,unclassified_Ascomycota
OTU_738,Fungi,Ascomycota,Dothideomycetes,Pleosporales,Phaeosphaeriaceae,Stagonospora,Stagonospora_pseudovitensis|SH199974.06FU
OTU_700,Fungi,Ascomycota,Leotiomycetes,Helotiales,Incertae_sedis_2,Tetracladium,unclassified_Tetracladium
OTU_701,Fungi,Ascomycota,Eurotiomycetes,Chaetothyriales,Herpotrichiellaceae,Capronia,unclassified_Capronia
OTU_739,Fungi,Basidiomycota,Microbotryomycetes,Sporidiobolales,Incertae_sedis_25,Incertae_sedis_25_unidentified,Sporidiobolales_sp|SH228919.06FU
OTU_702,Fungi,Ascomycota,unclassified_Ascomycota,unclassified_Ascomycota,unclassified_Ascomycota,unclassified_Ascomycota,unclassified_Ascomycota
OTU_510,Fungi,Ascomycota,Dothideomycetes,unclassified_Dothideomycetes,unclassified_Dothideomycetes,unclassified_Dothideomycetes,unclassified_Dothideomycetes
OTU_612,Fungi,Basidiomycota,Agaricomycetes,Agaricales,Mycenaceae,Mycena,Mycena_sp|SH208810.06FU
OTU_364,Fungi,Ascomycota,Dothideomycetes,Pleosporales,Pleosporales_unidentified,Pleosporales_unidentified_1,Pleosporales_sp|SH196178.06FU
